ISO-10303-21;
HEADER;
/* Generated by software containing ST-Developer
 * from STEP Tools, Inc. (www.steptools.com) 
 */
/* OPTION: using custom renumber hook */

FILE_DESCRIPTION(
/* description */ ('STEP AP242 Edition 2',
'CAx-IF Rec.Pracs.---Representation and Presentation of Product Manufa
cturing Information (PMI)---4.0---2014-10-13',
'CAx-IF Rec.Pracs.---3D Tessellated Geometry---0.4---2014-09-14','2;1',
'CAx-IF Rec.Pracs.---User Defined Attributes---1.5---2016-08-15'),
/* implementation_level */ '2;1');

FILE_NAME(
/* name */ 'Part Studio 1 - caja inferior-A',
/* time_stamp */ '2026-01-29T16:01:49Z',
/* author */ (''),
/* organization */ (''),
/* preprocessor_version */ 'ST-DEVELOPER v20',
/* originating_system */ 'ONSHAPE BY PTC INC, 1.209',
/* authorisation */ '  ');

FILE_SCHEMA (('AP242_MANAGED_MODEL_BASED_3D_ENGINEERING_MIM_LF { 1 0 10303 442 3 1 4 }'));
ENDSEC;

DATA;
#10=SHAPE_REPRESENTATION_RELATIONSHIP('','',#2534,#11);
#11=ADVANCED_BREP_SHAPE_REPRESENTATION('',(#2532),#4495);
#12=SPHERICAL_SURFACE('',#2773,0.0005);
#13=SPHERICAL_SURFACE('',#2804,0.0005);
#14=TOROIDAL_SURFACE('',#2772,0.0025,0.0005);
#15=TOROIDAL_SURFACE('',#2777,0.00146047014954374,0.0005);
#16=TOROIDAL_SURFACE('',#2781,0.0021,0.0005);
#17=TOROIDAL_SURFACE('',#2782,0.002,0.0005);
#18=TOROIDAL_SURFACE('',#2786,0.0025,0.0005);
#19=TOROIDAL_SURFACE('',#2787,0.0025,0.0005);
#20=TOROIDAL_SURFACE('',#2789,0.002,0.0005);
#21=TOROIDAL_SURFACE('',#2796,0.0025,0.0005);
#22=TOROIDAL_SURFACE('',#2798,0.002,0.0005);
#23=TOROIDAL_SURFACE('',#2808,0.0016,0.0005);
#24=TOROIDAL_SURFACE('',#2809,0.0016,0.0005);
#25=TOROIDAL_SURFACE('',#2810,0.0016,0.0005);
#26=TOROIDAL_SURFACE('',#2811,0.0016,0.0005);
#27=TOROIDAL_SURFACE('',#2812,0.0016,0.0005);
#28=TOROIDAL_SURFACE('',#2813,0.0025,0.0005);
#29=TOROIDAL_SURFACE('',#2814,0.002,0.0005);
#30=TOROIDAL_SURFACE('',#2815,0.002,0.0005);
#31=TOROIDAL_SURFACE('',#2822,0.004,0.0005);
#32=TOROIDAL_SURFACE('',#2827,0.00346047014954375,0.0005);
#33=(
BOUNDED_SURFACE()
B_SPLINE_SURFACE(3,2,((#4317,#4318,#4319),(#4320,#4321,#4322),(#4323,#4324,
#4325),(#4326,#4327,#4328)),.UNSPECIFIED.,.F.,.F.,.F.)
B_SPLINE_SURFACE_WITH_KNOTS((4,4),(3,3),(-3.25260651745651E-19,0.00103510320455929),
(0.,1.),.PIECEWISE_BEZIER_KNOTS.)
GEOMETRIC_REPRESENTATION_ITEM()
RATIONAL_B_SPLINE_SURFACE(((1.,0.70710678118655,1.),(1.,0.70710678118655,
1.),(1.,0.707106781186557,1.),(1.,0.707106781186557,1.)))
REPRESENTATION_ITEM('')
SURFACE()
);
#34=(
BOUNDED_SURFACE()
B_SPLINE_SURFACE(3,2,((#4332,#4333,#4334),(#4335,#4336,#4337),(#4338,#4339,
#4340),(#4341,#4342,#4343)),.UNSPECIFIED.,.F.,.F.,.F.)
B_SPLINE_SURFACE_WITH_KNOTS((4,4),(3,3),(3.25260651745651E-19,0.00103510320455927),
(0.,1.),.PIECEWISE_BEZIER_KNOTS.)
GEOMETRIC_REPRESENTATION_ITEM()
RATIONAL_B_SPLINE_SURFACE(((1.,0.707106781186545,1.),(1.,0.707106781186545,
1.),(1.,0.707106781186548,1.),(1.,0.707106781186548,1.)))
REPRESENTATION_ITEM('')
SURFACE()
);
#35=(
BOUNDED_SURFACE()
B_SPLINE_SURFACE(3,2,((#4412,#4413,#4414),(#4415,#4416,#4417),(#4418,#4419,
#4420),(#4421,#4422,#4423)),.UNSPECIFIED.,.F.,.F.,.F.)
B_SPLINE_SURFACE_WITH_KNOTS((4,4),(3,3),(-1.35525271560688E-18,0.00103510320455882),
(0.,1.),.PIECEWISE_BEZIER_KNOTS.)
GEOMETRIC_REPRESENTATION_ITEM()
RATIONAL_B_SPLINE_SURFACE(((1.,0.707106781186543,1.),(1.,0.707106781186543,
1.),(1.,0.707106781186557,1.),(1.,0.707106781186557,1.)))
REPRESENTATION_ITEM('')
SURFACE()
);
#36=(
BOUNDED_SURFACE()
B_SPLINE_SURFACE(3,2,((#4451,#4452,#4453),(#4454,#4455,#4456),(#4457,#4458,
#4459),(#4460,#4461,#4462)),.UNSPECIFIED.,.F.,.F.,.F.)
B_SPLINE_SURFACE_WITH_KNOTS((4,4),(3,3),(-1.40946282423116E-18,0.00103510320455894),
(0.,1.),.PIECEWISE_BEZIER_KNOTS.)
GEOMETRIC_REPRESENTATION_ITEM()
RATIONAL_B_SPLINE_SURFACE(((1.,0.707106781186543,1.),(1.,0.707106781186543,
1.),(1.,0.707106781186548,1.),(1.,0.707106781186548,1.)))
REPRESENTATION_ITEM('')
SURFACE()
);
#37=CONICAL_SURFACE('',#2744,0.0025,0.785398163397449);
#38=CONICAL_SURFACE('',#2745,0.0025,0.785398163397448);
#39=CONICAL_SURFACE('',#2746,0.0025,0.785398163397449);
#40=CONICAL_SURFACE('',#2747,0.0025,0.785398163397446);
#41=CONICAL_SURFACE('',#2748,0.0025,0.785398163397448);
#42=CONICAL_SURFACE('',#2749,0.0016,0.785398163397449);
#43=CONICAL_SURFACE('',#2750,0.0016,0.785398163397448);
#44=CONICAL_SURFACE('',#2751,0.0016,0.785398163397448);
#45=CONICAL_SURFACE('',#2752,0.0016,0.785398163397448);
#46=CONICAL_SURFACE('',#2753,0.0016,0.785398163397449);
#47=CONICAL_SURFACE('',#2754,0.002,0.785398163397448);
#48=CONICAL_SURFACE('',#2755,0.002,0.785398163397448);
#49=B_SPLINE_CURVE_WITH_KNOTS('',3,(#3748,#3749,#3750,#3751),
 .UNSPECIFIED.,.F.,.F.,(4,4),(0.,0.000660984572341895),.UNSPECIFIED.);
#50=B_SPLINE_CURVE_WITH_KNOTS('',3,(#3761,#3762,#3763,#3764),
 .UNSPECIFIED.,.F.,.F.,(4,4),(0.,0.000652440391199035),.UNSPECIFIED.);
#51=B_SPLINE_CURVE_WITH_KNOTS('',3,(#3769,#3770,#3771,#3772),
 .UNSPECIFIED.,.F.,.F.,(4,4),(1.73372358061352E-18,0.000660984572342041),
 .UNSPECIFIED.);
#52=B_SPLINE_CURVE_WITH_KNOTS('',3,(#3873,#3874,#3875,#3876),
 .UNSPECIFIED.,.F.,.F.,(4,4),(0.,0.00284448548946789),.UNSPECIFIED.);
#53=B_SPLINE_CURVE_WITH_KNOTS('',3,(#3877,#3878,#3879,#3880),
 .UNSPECIFIED.,.F.,.F.,(4,4),(0.,0.00284448548946788),.UNSPECIFIED.);
#54=B_SPLINE_CURVE_WITH_KNOTS('',3,(#3884,#3885,#3886,#3887),
 .UNSPECIFIED.,.F.,.F.,(4,4),(0.,0.00284448548946788),.UNSPECIFIED.);
#55=B_SPLINE_CURVE_WITH_KNOTS('',3,(#3892,#3893,#3894,#3895),
 .UNSPECIFIED.,.F.,.F.,(4,4),(0.,0.00284448548946788),.UNSPECIFIED.);
#56=B_SPLINE_CURVE_WITH_KNOTS('',3,(#3899,#3900,#3901,#3902),
 .UNSPECIFIED.,.F.,.F.,(4,4),(0.,0.00284448548946788),.UNSPECIFIED.);
#57=B_SPLINE_CURVE_WITH_KNOTS('',3,(#3914,#3915,#3916,#3917),
 .UNSPECIFIED.,.F.,.F.,(4,4),(0.,0.000844487587448366),.UNSPECIFIED.);
#58=B_SPLINE_CURVE_WITH_KNOTS('',3,(#3921,#3922,#3923,#3924),
 .UNSPECIFIED.,.F.,.F.,(4,4),(5.76282781812404E-13,0.0008448542323146),
 .UNSPECIFIED.);
#59=B_SPLINE_CURVE_WITH_KNOTS('',3,(#3925,#3926,#3927,#3928),
 .UNSPECIFIED.,.F.,.F.,(4,4),(0.,0.000844487587448236),.UNSPECIFIED.);
#60=B_SPLINE_CURVE_WITH_KNOTS('',3,(#3932,#3933,#3934,#3935),
 .UNSPECIFIED.,.F.,.F.,(4,4),(5.90166485902348E-13,0.000844854232235763),
 .UNSPECIFIED.);
#61=B_SPLINE_CURVE_WITH_KNOTS('',3,(#3965,#3966,#3967,#3968),
 .UNSPECIFIED.,.F.,.F.,(4,4),(7.60909120415449E-17,0.00134847173451208),
 .UNSPECIFIED.);
#62=B_SPLINE_CURVE_WITH_KNOTS('',3,(#3981,#3982,#3983,#3984),
 .UNSPECIFIED.,.F.,.F.,(4,4),(0.,0.00078227647528441),.UNSPECIFIED.);
#63=B_SPLINE_CURVE_WITH_KNOTS('',3,(#3985,#3986,#3987,#3988),
 .UNSPECIFIED.,.F.,.F.,(4,4),(0.,0.00283107027259903),.UNSPECIFIED.);
#64=B_SPLINE_CURVE_WITH_KNOTS('',3,(#3998,#3999,#4000,#4001),
 .UNSPECIFIED.,.F.,.F.,(4,4),(0.,0.000782277629311624),.UNSPECIFIED.);
#65=B_SPLINE_CURVE_WITH_KNOTS('',3,(#4004,#4005,#4006,#4007),
 .UNSPECIFIED.,.F.,.F.,(4,4),(0.,0.0028310702787278),.UNSPECIFIED.);
#66=B_SPLINE_CURVE_WITH_KNOTS('',3,(#4008,#4009,#4010,#4011),
 .UNSPECIFIED.,.F.,.F.,(4,4),(0.,0.00284448548946788),.UNSPECIFIED.);
#67=B_SPLINE_CURVE_WITH_KNOTS('',3,(#4034,#4035,#4036,#4037),
 .UNSPECIFIED.,.F.,.F.,(4,4),(0.,0.000652440391198887),.UNSPECIFIED.);
#68=B_SPLINE_CURVE_WITH_KNOTS('',3,(#4048,#4049,#4050,#4051,#4052),
 .UNSPECIFIED.,.F.,.F.,(4,1,4),(0.,0.00183563644004169,0.00367127288008338),
 .UNSPECIFIED.);
#69=B_SPLINE_CURVE_WITH_KNOTS('',3,(#4120,#4121,#4122,#4123),
 .UNSPECIFIED.,.F.,.F.,(4,4),(0.,0.00322592829702588),.UNSPECIFIED.);
#70=B_SPLINE_CURVE_WITH_KNOTS('',3,(#4133,#4134,#4135,#4136),
 .UNSPECIFIED.,.F.,.F.,(4,4),(0.,0.000502551319340729),.UNSPECIFIED.);
#71=B_SPLINE_CURVE_WITH_KNOTS('',3,(#4150,#4151,#4152,#4153,#4154,#4155,
#4156),.UNSPECIFIED.,.F.,.F.,(4,1,1,1,4),(0.,0.00155887952771427,0.00311775905542854,
0.00467663858314282,0.00623551811085709),.UNSPECIFIED.);
#72=B_SPLINE_CURVE_WITH_KNOTS('',3,(#4272,#4273,#4274,#4275),
 .UNSPECIFIED.,.F.,.F.,(4,4),(6.85479067739853E-7,0.00220239434166619),
 .UNSPECIFIED.);
#73=B_SPLINE_CURVE_WITH_KNOTS('',3,(#4282,#4283,#4284,#4285),
 .UNSPECIFIED.,.F.,.F.,(4,4),(0.,0.000695800952059569),.UNSPECIFIED.);
#74=B_SPLINE_CURVE_WITH_KNOTS('',3,(#4289,#4290,#4291,#4292),
 .UNSPECIFIED.,.F.,.F.,(4,4),(-5.99999999180816E-8,0.000686358823135559),
 .UNSPECIFIED.);
#75=B_SPLINE_CURVE_WITH_KNOTS('',3,(#4294,#4295,#4296,#4297),
 .UNSPECIFIED.,.F.,.F.,(4,4),(0.,0.000695800952178258),.UNSPECIFIED.);
#76=B_SPLINE_CURVE_WITH_KNOTS('',3,(#4301,#4302,#4303,#4304),
 .UNSPECIFIED.,.F.,.F.,(4,4),(-5.99999999190575E-8,0.000686358823256755),
 .UNSPECIFIED.);
#77=B_SPLINE_CURVE_WITH_KNOTS('',3,(#4349,#4350,#4351,#4352,#4353),
 .UNSPECIFIED.,.F.,.F.,(4,1,4),(0.,0.000435185731408739,0.000870371462817477),
 .UNSPECIFIED.);
#78=B_SPLINE_CURVE_WITH_KNOTS('',3,(#4359,#4360,#4361,#4362,#4363),
 .UNSPECIFIED.,.F.,.F.,(4,1,4),(-5.77350451453223E-6,0.00152413981636716,
0.00305405313724885),.UNSPECIFIED.);
#79=B_SPLINE_CURVE_WITH_KNOTS('',3,(#4371,#4372,#4373,#4374),
 .UNSPECIFIED.,.F.,.F.,(4,4),(-5.67626710047266E-6,0.000968408724952559),
 .UNSPECIFIED.);
#80=B_SPLINE_CURVE_WITH_KNOTS('',3,(#4378,#4379,#4380,#4381,#4382),
 .UNSPECIFIED.,.F.,.F.,(4,1,4),(1.98228548381484E-7,0.00177683569364199,
0.00355347315873561),.UNSPECIFIED.);
#81=B_SPLINE_CURVE_WITH_KNOTS('',3,(#4384,#4385,#4386,#4387),
 .UNSPECIFIED.,.F.,.F.,(4,4),(1.99563152524702E-7,0.000974284555205387),
 .UNSPECIFIED.);
#82=B_SPLINE_CURVE_WITH_KNOTS('',3,(#4391,#4392,#4393,#4394),
 .UNSPECIFIED.,.F.,.F.,(4,4),(-5.773504514541E-6,0.00151913169782632),
 .UNSPECIFIED.);
#83=B_SPLINE_CURVE_WITH_KNOTS('',3,(#4398,#4399,#4400,#4401,#4402),
 .UNSPECIFIED.,.F.,.F.,(4,1,4),(-5.77350451449985E-6,0.00152410505715746,
0.00305398361882942),.UNSPECIFIED.);
#84=B_SPLINE_CURVE_WITH_KNOTS('',3,(#4406,#4407,#4408,#4409),
 .UNSPECIFIED.,.F.,.F.,(4,4),(1.98557827928139E-7,0.00152456692857098),
 .UNSPECIFIED.);
#85=B_SPLINE_CURVE_WITH_KNOTS('',3,(#4426,#4427,#4428,#4429),
 .UNSPECIFIED.,.F.,.F.,(4,4),(-5.77350451453442E-6,0.00151913169782633),
 .UNSPECIFIED.);
#86=B_SPLINE_CURVE_WITH_KNOTS('',3,(#4437,#4438,#4439,#4440),
 .UNSPECIFIED.,.F.,.F.,(4,4),(1.98557827939238E-7,0.00152456692857095),
 .UNSPECIFIED.);
#87=ELLIPSE('',#2547,0.000707106781186548,0.0005);
#88=ELLIPSE('',#2551,0.000707106781186548,0.0005);
#89=ELLIPSE('',#2553,0.000707106781186548,0.0005);
#90=ELLIPSE('',#2557,0.000707106781186548,0.0005);
#91=ELLIPSE('',#2559,0.000707106781186548,0.0005);
#92=ELLIPSE('',#2563,0.000707106781186548,0.0005);
#93=ELLIPSE('',#2762,0.000707106781186548,0.0005);
#94=ELLIPSE('',#2766,0.000707106781186548,0.0005);
#95=ELLIPSE('',#2795,0.000707106781186548,0.0005);
#96=CIRCLE('',#2540,0.0045);
#97=CIRCLE('',#2541,0.0045);
#98=CIRCLE('',#2544,0.0045);
#99=CIRCLE('',#2545,0.0045);
#100=CIRCLE('',#2548,0.0005);
#101=CIRCLE('',#2550,0.0005);
#102=CIRCLE('',#2554,0.0005);
#103=CIRCLE('',#2556,0.0005);
#104=CIRCLE('',#2560,0.0005);
#105=CIRCLE('',#2562,0.0005);
#106=CIRCLE('',#2565,0.0025);
#107=CIRCLE('',#2567,0.0025);
#108=CIRCLE('',#2569,0.0025);
#109=CIRCLE('',#2570,0.0005);
#110=CIRCLE('',#2571,0.0021);
#111=CIRCLE('',#2572,0.00146047014954374);
#112=CIRCLE('',#2574,0.0021);
#113=CIRCLE('',#2575,0.0025);
#114=CIRCLE('',#2577,0.0025);
#115=CIRCLE('',#2578,0.0025);
#116=CIRCLE('',#2582,0.0025);
#117=CIRCLE('',#2583,0.0025);
#118=CIRCLE('',#2585,0.0045);
#119=CIRCLE('',#2586,0.0036);
#120=CIRCLE('',#2587,0.0036);
#121=CIRCLE('',#2588,0.0036);
#122=CIRCLE('',#2589,0.0045);
#123=CIRCLE('',#2590,0.0045);
#124=CIRCLE('',#2591,0.0045);
#125=CIRCLE('',#2592,0.0045);
#126=CIRCLE('',#2593,0.0036);
#127=CIRCLE('',#2594,0.0036);
#128=CIRCLE('',#2595,0.0036);
#129=CIRCLE('',#2596,0.0005);
#130=CIRCLE('',#2597,0.004);
#131=CIRCLE('',#2598,0.004);
#132=CIRCLE('',#2600,0.002);
#133=CIRCLE('',#2606,0.002);
#134=CIRCLE('',#2608,0.0045);
#135=CIRCLE('',#2609,0.00396047014954375);
#136=CIRCLE('',#2610,0.00196047014954375);
#137=CIRCLE('',#2611,0.0025);
#138=CIRCLE('',#2612,0.0025);
#139=CIRCLE('',#2613,0.0025);
#140=CIRCLE('',#2615,0.00396047014954375);
#141=CIRCLE('',#2617,0.0045);
#142=CIRCLE('',#2619,0.002);
#143=CIRCLE('',#2623,0.002);
#144=CIRCLE('',#2627,0.0016);
#145=CIRCLE('',#2628,0.0016);
#146=CIRCLE('',#2632,0.0025);
#147=CIRCLE('',#2635,0.00196047014954375);
#148=CIRCLE('',#2649,0.0005);
#149=CIRCLE('',#2658,0.0025);
#150=CIRCLE('',#2659,0.0025);
#151=CIRCLE('',#2662,0.0015);
#152=CIRCLE('',#2663,0.0015);
#153=CIRCLE('',#2665,0.002);
#154=CIRCLE('',#2666,0.002);
#155=CIRCLE('',#2668,0.002);
#156=CIRCLE('',#2671,0.0011);
#157=CIRCLE('',#2672,0.0011);
#158=CIRCLE('',#2674,0.0016);
#159=CIRCLE('',#2675,0.0016);
#160=CIRCLE('',#2678,0.0016);
#161=CIRCLE('',#2679,0.0016);
#162=CIRCLE('',#2681,0.0011);
#163=CIRCLE('',#2682,0.0011);
#164=CIRCLE('',#2685,0.0011);
#165=CIRCLE('',#2686,0.0011);
#166=CIRCLE('',#2688,0.0016);
#167=CIRCLE('',#2689,0.0016);
#168=CIRCLE('',#2692,0.0011);
#169=CIRCLE('',#2693,0.0011);
#170=CIRCLE('',#2695,0.0016);
#171=CIRCLE('',#2696,0.0016);
#172=CIRCLE('',#2699,0.0011);
#173=CIRCLE('',#2700,0.0011);
#174=CIRCLE('',#2702,0.0016);
#175=CIRCLE('',#2703,0.0016);
#176=CIRCLE('',#2706,0.0015);
#177=CIRCLE('',#2707,0.0015);
#178=CIRCLE('',#2709,0.002);
#179=CIRCLE('',#2710,0.002);
#180=CIRCLE('',#2713,0.0025);
#181=CIRCLE('',#2714,0.0025);
#182=CIRCLE('',#2717,0.0025);
#183=CIRCLE('',#2718,0.0025);
#184=CIRCLE('',#2720,0.0025);
#185=CIRCLE('',#2722,0.002);
#186=CIRCLE('',#2723,0.002);
#187=CIRCLE('',#2725,0.0025);
#188=CIRCLE('',#2726,0.0025);
#189=CIRCLE('',#2728,0.0025);
#190=CIRCLE('',#2730,0.002);
#191=CIRCLE('',#2731,0.002);
#192=CIRCLE('',#2733,0.0025);
#193=CIRCLE('',#2734,0.0025);
#194=CIRCLE('',#2738,0.002);
#195=CIRCLE('',#2739,0.002);
#196=CIRCLE('',#2741,0.0025);
#197=CIRCLE('',#2742,0.0025);
#198=CIRCLE('',#2760,0.0005);
#199=CIRCLE('',#2763,0.0005);
#200=CIRCLE('',#2765,0.0005);
#201=CIRCLE('',#2769,0.0005);
#202=CIRCLE('',#2771,0.0005);
#203=CIRCLE('',#2774,0.0005);
#204=CIRCLE('',#2776,0.0005);
#205=CIRCLE('',#2778,0.0005);
#206=CIRCLE('',#2780,0.0005);
#207=CIRCLE('',#2783,0.0005);
#208=CIRCLE('',#2785,0.0005);
#209=CIRCLE('',#2788,0.00225);
#210=CIRCLE('',#2790,0.0005);
#211=CIRCLE('',#2791,0.0005);
#212=CIRCLE('',#2793,0.0005);
#213=CIRCLE('',#2797,0.00225);
#214=CIRCLE('',#2799,0.0005);
#215=CIRCLE('',#2801,0.0005);
#216=CIRCLE('',#2803,0.0005);
#217=CIRCLE('',#2805,0.0005);
#218=CIRCLE('',#2807,0.0005);
#219=CIRCLE('',#2817,0.00346047014954375);
#220=CIRCLE('',#2818,0.004);
#221=CIRCLE('',#2821,0.0005);
#222=CIRCLE('',#2823,0.0005);
#223=CIRCLE('',#2826,0.0005);
#224=CIRCLE('',#2828,0.0005);
#225=CYLINDRICAL_SURFACE('',#2539,0.0045);
#226=CYLINDRICAL_SURFACE('',#2543,0.0045);
#227=CYLINDRICAL_SURFACE('',#2546,0.0005);
#228=CYLINDRICAL_SURFACE('',#2549,0.0005);
#229=CYLINDRICAL_SURFACE('',#2552,0.0005);
#230=CYLINDRICAL_SURFACE('',#2555,0.0005);
#231=CYLINDRICAL_SURFACE('',#2558,0.0005);
#232=CYLINDRICAL_SURFACE('',#2561,0.0005);
#233=CYLINDRICAL_SURFACE('',#2614,0.00396047014954375);
#234=CYLINDRICAL_SURFACE('',#2616,0.0045);
#235=CYLINDRICAL_SURFACE('',#2618,0.002);
#236=CYLINDRICAL_SURFACE('',#2622,0.002);
#237=CYLINDRICAL_SURFACE('',#2624,0.0005);
#238=CYLINDRICAL_SURFACE('',#2626,0.0016);
#239=CYLINDRICAL_SURFACE('',#2631,0.0025);
#240=CYLINDRICAL_SURFACE('',#2634,0.00196047014954375);
#241=CYLINDRICAL_SURFACE('',#2657,0.0025);
#242=CYLINDRICAL_SURFACE('',#2661,0.0015);
#243=CYLINDRICAL_SURFACE('',#2664,0.002);
#244=CYLINDRICAL_SURFACE('',#2670,0.0011);
#245=CYLINDRICAL_SURFACE('',#2673,0.0016);
#246=CYLINDRICAL_SURFACE('',#2677,0.0016);
#247=CYLINDRICAL_SURFACE('',#2680,0.0011);
#248=CYLINDRICAL_SURFACE('',#2684,0.0011);
#249=CYLINDRICAL_SURFACE('',#2687,0.0016);
#250=CYLINDRICAL_SURFACE('',#2691,0.0011);
#251=CYLINDRICAL_SURFACE('',#2694,0.0016);
#252=CYLINDRICAL_SURFACE('',#2698,0.0011);
#253=CYLINDRICAL_SURFACE('',#2701,0.0016);
#254=CYLINDRICAL_SURFACE('',#2705,0.0015);
#255=CYLINDRICAL_SURFACE('',#2708,0.002);
#256=CYLINDRICAL_SURFACE('',#2712,0.0025);
#257=CYLINDRICAL_SURFACE('',#2716,0.0025);
#258=CYLINDRICAL_SURFACE('',#2719,0.0025);
#259=CYLINDRICAL_SURFACE('',#2721,0.002);
#260=CYLINDRICAL_SURFACE('',#2724,0.0025);
#261=CYLINDRICAL_SURFACE('',#2727,0.0025);
#262=CYLINDRICAL_SURFACE('',#2729,0.002);
#263=CYLINDRICAL_SURFACE('',#2732,0.0025);
#264=CYLINDRICAL_SURFACE('',#2737,0.002);
#265=CYLINDRICAL_SURFACE('',#2740,0.0025);
#266=CYLINDRICAL_SURFACE('',#2756,0.00100002412389073);
#267=CYLINDRICAL_SURFACE('',#2757,0.00100002412389068);
#268=CYLINDRICAL_SURFACE('',#2761,0.0005);
#269=CYLINDRICAL_SURFACE('',#2764,0.0005);
#270=CYLINDRICAL_SURFACE('',#2767,0.0005);
#271=CYLINDRICAL_SURFACE('',#2768,0.0005);
#272=CYLINDRICAL_SURFACE('',#2770,0.0005);
#273=CYLINDRICAL_SURFACE('',#2775,0.0005);
#274=CYLINDRICAL_SURFACE('',#2779,0.0005);
#275=CYLINDRICAL_SURFACE('',#2784,0.0005);
#276=CYLINDRICAL_SURFACE('',#2792,0.0005);
#277=CYLINDRICAL_SURFACE('',#2794,0.0005);
#278=CYLINDRICAL_SURFACE('',#2800,0.0005);
#279=CYLINDRICAL_SURFACE('',#2802,0.0005);
#280=CYLINDRICAL_SURFACE('',#2806,0.0005);
#281=CYLINDRICAL_SURFACE('',#2819,0.0005);
#282=CYLINDRICAL_SURFACE('',#2820,0.0005);
#283=CYLINDRICAL_SURFACE('',#2824,0.0005);
#284=CYLINDRICAL_SURFACE('',#2825,0.0005);
#285=CYLINDRICAL_SURFACE('',#2829,0.0005);
#286=ORIENTED_EDGE('',*,*,#978,.F.);
#287=ORIENTED_EDGE('',*,*,#979,.F.);
#288=ORIENTED_EDGE('',*,*,#980,.F.);
#289=ORIENTED_EDGE('',*,*,#981,.T.);
#290=ORIENTED_EDGE('',*,*,#982,.T.);
#291=ORIENTED_EDGE('',*,*,#983,.T.);
#292=ORIENTED_EDGE('',*,*,#984,.T.);
#293=ORIENTED_EDGE('',*,*,#985,.T.);
#294=ORIENTED_EDGE('',*,*,#986,.T.);
#295=ORIENTED_EDGE('',*,*,#987,.T.);
#296=ORIENTED_EDGE('',*,*,#988,.F.);
#297=ORIENTED_EDGE('',*,*,#989,.T.);
#298=ORIENTED_EDGE('',*,*,#990,.T.);
#299=ORIENTED_EDGE('',*,*,#991,.T.);
#300=ORIENTED_EDGE('',*,*,#992,.T.);
#301=ORIENTED_EDGE('',*,*,#993,.T.);
#302=ORIENTED_EDGE('',*,*,#994,.T.);
#303=ORIENTED_EDGE('',*,*,#995,.T.);
#304=ORIENTED_EDGE('',*,*,#996,.F.);
#305=ORIENTED_EDGE('',*,*,#997,.T.);
#306=ORIENTED_EDGE('',*,*,#998,.F.);
#307=ORIENTED_EDGE('',*,*,#992,.F.);
#308=ORIENTED_EDGE('',*,*,#999,.F.);
#309=ORIENTED_EDGE('',*,*,#1000,.T.);
#310=ORIENTED_EDGE('',*,*,#1001,.F.);
#311=ORIENTED_EDGE('',*,*,#1000,.F.);
#312=ORIENTED_EDGE('',*,*,#1002,.F.);
#313=ORIENTED_EDGE('',*,*,#1003,.T.);
#314=ORIENTED_EDGE('',*,*,#1004,.F.);
#315=ORIENTED_EDGE('',*,*,#1005,.T.);
#316=ORIENTED_EDGE('',*,*,#1006,.T.);
#317=ORIENTED_EDGE('',*,*,#1007,.T.);
#318=ORIENTED_EDGE('',*,*,#1008,.F.);
#319=ORIENTED_EDGE('',*,*,#1003,.F.);
#320=ORIENTED_EDGE('',*,*,#1009,.F.);
#321=ORIENTED_EDGE('',*,*,#979,.T.);
#322=ORIENTED_EDGE('',*,*,#1010,.F.);
#323=ORIENTED_EDGE('',*,*,#1011,.T.);
#324=ORIENTED_EDGE('',*,*,#1007,.F.);
#325=ORIENTED_EDGE('',*,*,#1005,.F.);
#326=ORIENTED_EDGE('',*,*,#1012,.T.);
#327=ORIENTED_EDGE('',*,*,#1013,.F.);
#328=ORIENTED_EDGE('',*,*,#1014,.F.);
#329=ORIENTED_EDGE('',*,*,#1015,.T.);
#330=ORIENTED_EDGE('',*,*,#984,.F.);
#331=ORIENTED_EDGE('',*,*,#994,.F.);
#332=ORIENTED_EDGE('',*,*,#1016,.T.);
#333=ORIENTED_EDGE('',*,*,#1017,.T.);
#334=ORIENTED_EDGE('',*,*,#1018,.F.);
#335=ORIENTED_EDGE('',*,*,#1019,.T.);
#336=ORIENTED_EDGE('',*,*,#983,.F.);
#337=ORIENTED_EDGE('',*,*,#986,.F.);
#338=ORIENTED_EDGE('',*,*,#1020,.T.);
#339=ORIENTED_EDGE('',*,*,#1021,.T.);
#340=ORIENTED_EDGE('',*,*,#1022,.F.);
#341=ORIENTED_EDGE('',*,*,#1023,.T.);
#342=ORIENTED_EDGE('',*,*,#1024,.T.);
#343=ORIENTED_EDGE('',*,*,#1025,.T.);
#344=ORIENTED_EDGE('',*,*,#1026,.F.);
#345=ORIENTED_EDGE('',*,*,#1027,.F.);
#346=ORIENTED_EDGE('',*,*,#1028,.T.);
#347=ORIENTED_EDGE('',*,*,#1029,.T.);
#348=ORIENTED_EDGE('',*,*,#1030,.F.);
#349=ORIENTED_EDGE('',*,*,#1031,.F.);
#350=ORIENTED_EDGE('',*,*,#1032,.T.);
#351=ORIENTED_EDGE('',*,*,#1033,.T.);
#352=ORIENTED_EDGE('',*,*,#1034,.T.);
#353=ORIENTED_EDGE('',*,*,#1035,.T.);
#354=ORIENTED_EDGE('',*,*,#1036,.T.);
#355=ORIENTED_EDGE('',*,*,#1037,.F.);
#356=ORIENTED_EDGE('',*,*,#1038,.T.);
#357=ORIENTED_EDGE('',*,*,#1039,.T.);
#358=ORIENTED_EDGE('',*,*,#1040,.T.);
#359=ORIENTED_EDGE('',*,*,#1041,.T.);
#360=ORIENTED_EDGE('',*,*,#1042,.T.);
#361=ORIENTED_EDGE('',*,*,#1043,.T.);
#362=ORIENTED_EDGE('',*,*,#1044,.T.);
#363=ORIENTED_EDGE('',*,*,#1045,.T.);
#364=ORIENTED_EDGE('',*,*,#1046,.T.);
#365=ORIENTED_EDGE('',*,*,#1047,.F.);
#366=ORIENTED_EDGE('',*,*,#1048,.T.);
#367=ORIENTED_EDGE('',*,*,#1049,.T.);
#368=ORIENTED_EDGE('',*,*,#1050,.T.);
#369=ORIENTED_EDGE('',*,*,#1051,.F.);
#370=ORIENTED_EDGE('',*,*,#1052,.T.);
#371=ORIENTED_EDGE('',*,*,#1053,.T.);
#372=ORIENTED_EDGE('',*,*,#1022,.T.);
#373=ORIENTED_EDGE('',*,*,#1054,.T.);
#374=ORIENTED_EDGE('',*,*,#1055,.F.);
#375=ORIENTED_EDGE('',*,*,#1056,.F.);
#376=ORIENTED_EDGE('',*,*,#1030,.T.);
#377=ORIENTED_EDGE('',*,*,#1057,.T.);
#378=ORIENTED_EDGE('',*,*,#1058,.T.);
#379=ORIENTED_EDGE('',*,*,#1059,.T.);
#380=ORIENTED_EDGE('',*,*,#1060,.T.);
#381=ORIENTED_EDGE('',*,*,#1061,.T.);
#382=ORIENTED_EDGE('',*,*,#1062,.T.);
#383=ORIENTED_EDGE('',*,*,#1063,.T.);
#384=ORIENTED_EDGE('',*,*,#1064,.T.);
#385=ORIENTED_EDGE('',*,*,#1065,.T.);
#386=ORIENTED_EDGE('',*,*,#1066,.F.);
#387=ORIENTED_EDGE('',*,*,#1067,.T.);
#388=ORIENTED_EDGE('',*,*,#1068,.T.);
#389=ORIENTED_EDGE('',*,*,#1069,.T.);
#390=ORIENTED_EDGE('',*,*,#1070,.T.);
#391=ORIENTED_EDGE('',*,*,#1071,.T.);
#392=ORIENTED_EDGE('',*,*,#1072,.T.);
#393=ORIENTED_EDGE('',*,*,#1073,.T.);
#394=ORIENTED_EDGE('',*,*,#1074,.F.);
#395=ORIENTED_EDGE('',*,*,#1075,.F.);
#396=ORIENTED_EDGE('',*,*,#1076,.F.);
#397=ORIENTED_EDGE('',*,*,#1077,.F.);
#398=ORIENTED_EDGE('',*,*,#1078,.F.);
#399=ORIENTED_EDGE('',*,*,#1079,.F.);
#400=ORIENTED_EDGE('',*,*,#1080,.F.);
#401=ORIENTED_EDGE('',*,*,#1055,.T.);
#402=ORIENTED_EDGE('',*,*,#1081,.T.);
#403=ORIENTED_EDGE('',*,*,#1082,.T.);
#404=ORIENTED_EDGE('',*,*,#1083,.T.);
#405=ORIENTED_EDGE('',*,*,#1084,.T.);
#406=ORIENTED_EDGE('',*,*,#1085,.T.);
#407=ORIENTED_EDGE('',*,*,#1086,.T.);
#408=ORIENTED_EDGE('',*,*,#1087,.T.);
#409=ORIENTED_EDGE('',*,*,#1088,.T.);
#410=ORIENTED_EDGE('',*,*,#1089,.T.);
#411=ORIENTED_EDGE('',*,*,#1090,.T.);
#412=ORIENTED_EDGE('',*,*,#1091,.T.);
#413=ORIENTED_EDGE('',*,*,#1092,.T.);
#414=ORIENTED_EDGE('',*,*,#1093,.T.);
#415=ORIENTED_EDGE('',*,*,#1094,.T.);
#416=ORIENTED_EDGE('',*,*,#1095,.F.);
#417=ORIENTED_EDGE('',*,*,#1096,.T.);
#418=ORIENTED_EDGE('',*,*,#1097,.T.);
#419=ORIENTED_EDGE('',*,*,#1098,.T.);
#420=ORIENTED_EDGE('',*,*,#1099,.F.);
#421=ORIENTED_EDGE('',*,*,#1100,.F.);
#422=ORIENTED_EDGE('',*,*,#1101,.T.);
#423=ORIENTED_EDGE('',*,*,#1102,.T.);
#424=ORIENTED_EDGE('',*,*,#1103,.T.);
#425=ORIENTED_EDGE('',*,*,#1104,.F.);
#426=ORIENTED_EDGE('',*,*,#1105,.T.);
#427=ORIENTED_EDGE('',*,*,#1106,.T.);
#428=ORIENTED_EDGE('',*,*,#1107,.F.);
#429=ORIENTED_EDGE('',*,*,#1108,.T.);
#430=ORIENTED_EDGE('',*,*,#1109,.T.);
#431=ORIENTED_EDGE('',*,*,#1091,.F.);
#432=ORIENTED_EDGE('',*,*,#1110,.T.);
#433=ORIENTED_EDGE('',*,*,#1111,.F.);
#434=ORIENTED_EDGE('',*,*,#1047,.T.);
#435=ORIENTED_EDGE('',*,*,#1093,.F.);
#436=ORIENTED_EDGE('',*,*,#1112,.T.);
#437=ORIENTED_EDGE('',*,*,#1113,.F.);
#438=ORIENTED_EDGE('',*,*,#1066,.T.);
#439=ORIENTED_EDGE('',*,*,#1114,.T.);
#440=ORIENTED_EDGE('',*,*,#1115,.T.);
#441=ORIENTED_EDGE('',*,*,#1116,.T.);
#442=ORIENTED_EDGE('',*,*,#1117,.T.);
#443=ORIENTED_EDGE('',*,*,#1072,.F.);
#444=ORIENTED_EDGE('',*,*,#1118,.F.);
#445=ORIENTED_EDGE('',*,*,#1037,.T.);
#446=ORIENTED_EDGE('',*,*,#1119,.F.);
#447=ORIENTED_EDGE('',*,*,#1120,.T.);
#448=ORIENTED_EDGE('',*,*,#1107,.T.);
#449=ORIENTED_EDGE('',*,*,#980,.T.);
#450=ORIENTED_EDGE('',*,*,#1009,.T.);
#451=ORIENTED_EDGE('',*,*,#1002,.T.);
#452=ORIENTED_EDGE('',*,*,#999,.T.);
#453=ORIENTED_EDGE('',*,*,#997,.F.);
#454=ORIENTED_EDGE('',*,*,#1121,.F.);
#455=ORIENTED_EDGE('',*,*,#989,.F.);
#456=ORIENTED_EDGE('',*,*,#1122,.F.);
#457=ORIENTED_EDGE('',*,*,#1123,.F.);
#458=ORIENTED_EDGE('',*,*,#1124,.T.);
#459=ORIENTED_EDGE('',*,*,#1125,.F.);
#460=ORIENTED_EDGE('',*,*,#1126,.T.);
#461=ORIENTED_EDGE('',*,*,#1051,.T.);
#462=ORIENTED_EDGE('',*,*,#1127,.T.);
#463=ORIENTED_EDGE('',*,*,#1128,.T.);
#464=ORIENTED_EDGE('',*,*,#1129,.T.);
#465=ORIENTED_EDGE('',*,*,#1059,.F.);
#466=ORIENTED_EDGE('',*,*,#1130,.T.);
#467=ORIENTED_EDGE('',*,*,#1131,.T.);
#468=ORIENTED_EDGE('',*,*,#1132,.T.);
#469=ORIENTED_EDGE('',*,*,#1133,.T.);
#470=ORIENTED_EDGE('',*,*,#1134,.F.);
#471=ORIENTED_EDGE('',*,*,#1135,.F.);
#472=ORIENTED_EDGE('',*,*,#1136,.F.);
#473=ORIENTED_EDGE('',*,*,#988,.T.);
#474=ORIENTED_EDGE('',*,*,#1137,.T.);
#475=ORIENTED_EDGE('',*,*,#981,.F.);
#476=ORIENTED_EDGE('',*,*,#1122,.T.);
#477=ORIENTED_EDGE('',*,*,#996,.T.);
#478=ORIENTED_EDGE('',*,*,#1138,.T.);
#479=ORIENTED_EDGE('',*,*,#990,.F.);
#480=ORIENTED_EDGE('',*,*,#1121,.T.);
#481=ORIENTED_EDGE('',*,*,#1139,.T.);
#482=ORIENTED_EDGE('',*,*,#1103,.F.);
#483=ORIENTED_EDGE('',*,*,#1140,.F.);
#484=ORIENTED_EDGE('',*,*,#1141,.T.);
#485=ORIENTED_EDGE('',*,*,#1142,.T.);
#486=ORIENTED_EDGE('',*,*,#1135,.T.);
#487=ORIENTED_EDGE('',*,*,#1143,.T.);
#488=ORIENTED_EDGE('',*,*,#1144,.T.);
#489=ORIENTED_EDGE('',*,*,#1145,.F.);
#490=ORIENTED_EDGE('',*,*,#1026,.T.);
#491=ORIENTED_EDGE('',*,*,#1146,.F.);
#492=ORIENTED_EDGE('',*,*,#1147,.T.);
#493=ORIENTED_EDGE('',*,*,#1104,.T.);
#494=ORIENTED_EDGE('',*,*,#1120,.F.);
#495=ORIENTED_EDGE('',*,*,#1100,.T.);
#496=ORIENTED_EDGE('',*,*,#1148,.F.);
#497=ORIENTED_EDGE('',*,*,#1038,.F.);
#498=ORIENTED_EDGE('',*,*,#1118,.T.);
#499=ORIENTED_EDGE('',*,*,#1149,.F.);
#500=ORIENTED_EDGE('',*,*,#1150,.T.);
#501=ORIENTED_EDGE('',*,*,#1039,.F.);
#502=ORIENTED_EDGE('',*,*,#1148,.T.);
#503=ORIENTED_EDGE('',*,*,#1099,.T.);
#504=ORIENTED_EDGE('',*,*,#1151,.T.);
#505=ORIENTED_EDGE('',*,*,#1152,.F.);
#506=ORIENTED_EDGE('',*,*,#1153,.F.);
#507=ORIENTED_EDGE('',*,*,#1154,.T.);
#508=ORIENTED_EDGE('',*,*,#1149,.T.);
#509=ORIENTED_EDGE('',*,*,#1155,.F.);
#510=ORIENTED_EDGE('',*,*,#1045,.F.);
#511=ORIENTED_EDGE('',*,*,#1156,.T.);
#512=ORIENTED_EDGE('',*,*,#1153,.T.);
#513=ORIENTED_EDGE('',*,*,#1157,.T.);
#514=ORIENTED_EDGE('',*,*,#1158,.T.);
#515=ORIENTED_EDGE('',*,*,#1095,.T.);
#516=ORIENTED_EDGE('',*,*,#1159,.T.);
#517=ORIENTED_EDGE('',*,*,#1160,.F.);
#518=ORIENTED_EDGE('',*,*,#1161,.F.);
#519=ORIENTED_EDGE('',*,*,#1162,.T.);
#520=ORIENTED_EDGE('',*,*,#1163,.T.);
#521=ORIENTED_EDGE('',*,*,#1133,.F.);
#522=ORIENTED_EDGE('',*,*,#1164,.F.);
#523=ORIENTED_EDGE('',*,*,#1165,.T.);
#524=ORIENTED_EDGE('',*,*,#1161,.T.);
#525=ORIENTED_EDGE('',*,*,#1132,.F.);
#526=ORIENTED_EDGE('',*,*,#1166,.F.);
#527=ORIENTED_EDGE('',*,*,#1167,.T.);
#528=ORIENTED_EDGE('',*,*,#1164,.T.);
#529=ORIENTED_EDGE('',*,*,#1131,.F.);
#530=ORIENTED_EDGE('',*,*,#1063,.F.);
#531=ORIENTED_EDGE('',*,*,#1168,.T.);
#532=ORIENTED_EDGE('',*,*,#1166,.T.);
#533=ORIENTED_EDGE('',*,*,#1130,.F.);
#534=ORIENTED_EDGE('',*,*,#1169,.T.);
#535=ORIENTED_EDGE('',*,*,#1170,.T.);
#536=ORIENTED_EDGE('',*,*,#1123,.T.);
#537=ORIENTED_EDGE('',*,*,#1171,.F.);
#538=ORIENTED_EDGE('',*,*,#1172,.T.);
#539=ORIENTED_EDGE('',*,*,#1173,.T.);
#540=ORIENTED_EDGE('',*,*,#1027,.T.);
#541=ORIENTED_EDGE('',*,*,#1174,.F.);
#542=ORIENTED_EDGE('',*,*,#1175,.F.);
#543=ORIENTED_EDGE('',*,*,#1145,.T.);
#544=ORIENTED_EDGE('',*,*,#1176,.T.);
#545=ORIENTED_EDGE('',*,*,#1089,.F.);
#546=ORIENTED_EDGE('',*,*,#1177,.F.);
#547=ORIENTED_EDGE('',*,*,#1178,.T.);
#548=ORIENTED_EDGE('',*,*,#1174,.T.);
#549=ORIENTED_EDGE('',*,*,#1088,.F.);
#550=ORIENTED_EDGE('',*,*,#1179,.F.);
#551=ORIENTED_EDGE('',*,*,#1180,.T.);
#552=ORIENTED_EDGE('',*,*,#1177,.T.);
#553=ORIENTED_EDGE('',*,*,#1087,.F.);
#554=ORIENTED_EDGE('',*,*,#1181,.F.);
#555=ORIENTED_EDGE('',*,*,#1182,.T.);
#556=ORIENTED_EDGE('',*,*,#1179,.T.);
#557=ORIENTED_EDGE('',*,*,#1086,.F.);
#558=ORIENTED_EDGE('',*,*,#1183,.F.);
#559=ORIENTED_EDGE('',*,*,#1184,.T.);
#560=ORIENTED_EDGE('',*,*,#1181,.T.);
#561=ORIENTED_EDGE('',*,*,#1085,.F.);
#562=ORIENTED_EDGE('',*,*,#1185,.F.);
#563=ORIENTED_EDGE('',*,*,#1186,.T.);
#564=ORIENTED_EDGE('',*,*,#1183,.T.);
#565=ORIENTED_EDGE('',*,*,#1084,.F.);
#566=ORIENTED_EDGE('',*,*,#1187,.F.);
#567=ORIENTED_EDGE('',*,*,#1188,.T.);
#568=ORIENTED_EDGE('',*,*,#1185,.T.);
#569=ORIENTED_EDGE('',*,*,#1083,.F.);
#570=ORIENTED_EDGE('',*,*,#1189,.F.);
#571=ORIENTED_EDGE('',*,*,#1190,.T.);
#572=ORIENTED_EDGE('',*,*,#1187,.T.);
#573=ORIENTED_EDGE('',*,*,#1082,.F.);
#574=ORIENTED_EDGE('',*,*,#1191,.F.);
#575=ORIENTED_EDGE('',*,*,#1192,.T.);
#576=ORIENTED_EDGE('',*,*,#1189,.T.);
#577=ORIENTED_EDGE('',*,*,#1081,.F.);
#578=ORIENTED_EDGE('',*,*,#1054,.F.);
#579=ORIENTED_EDGE('',*,*,#1173,.F.);
#580=ORIENTED_EDGE('',*,*,#1193,.T.);
#581=ORIENTED_EDGE('',*,*,#1191,.T.);
#582=ORIENTED_EDGE('',*,*,#1178,.F.);
#583=ORIENTED_EDGE('',*,*,#1180,.F.);
#584=ORIENTED_EDGE('',*,*,#1182,.F.);
#585=ORIENTED_EDGE('',*,*,#1184,.F.);
#586=ORIENTED_EDGE('',*,*,#1186,.F.);
#587=ORIENTED_EDGE('',*,*,#1188,.F.);
#588=ORIENTED_EDGE('',*,*,#1190,.F.);
#589=ORIENTED_EDGE('',*,*,#1192,.F.);
#590=ORIENTED_EDGE('',*,*,#1193,.F.);
#591=ORIENTED_EDGE('',*,*,#1175,.T.);
#592=ORIENTED_EDGE('',*,*,#1194,.T.);
#593=ORIENTED_EDGE('',*,*,#1195,.T.);
#594=ORIENTED_EDGE('',*,*,#1031,.T.);
#595=ORIENTED_EDGE('',*,*,#1196,.F.);
#596=ORIENTED_EDGE('',*,*,#1197,.F.);
#597=ORIENTED_EDGE('',*,*,#1080,.T.);
#598=ORIENTED_EDGE('',*,*,#1198,.F.);
#599=ORIENTED_EDGE('',*,*,#1199,.F.);
#600=ORIENTED_EDGE('',*,*,#1196,.T.);
#601=ORIENTED_EDGE('',*,*,#1056,.T.);
#602=ORIENTED_EDGE('',*,*,#1079,.T.);
#603=ORIENTED_EDGE('',*,*,#1200,.F.);
#604=ORIENTED_EDGE('',*,*,#1201,.F.);
#605=ORIENTED_EDGE('',*,*,#1198,.T.);
#606=ORIENTED_EDGE('',*,*,#1078,.T.);
#607=ORIENTED_EDGE('',*,*,#1202,.F.);
#608=ORIENTED_EDGE('',*,*,#1203,.F.);
#609=ORIENTED_EDGE('',*,*,#1200,.T.);
#610=ORIENTED_EDGE('',*,*,#1077,.T.);
#611=ORIENTED_EDGE('',*,*,#1204,.F.);
#612=ORIENTED_EDGE('',*,*,#1205,.F.);
#613=ORIENTED_EDGE('',*,*,#1202,.T.);
#614=ORIENTED_EDGE('',*,*,#1076,.T.);
#615=ORIENTED_EDGE('',*,*,#1206,.F.);
#616=ORIENTED_EDGE('',*,*,#1207,.F.);
#617=ORIENTED_EDGE('',*,*,#1204,.T.);
#618=ORIENTED_EDGE('',*,*,#1075,.T.);
#619=ORIENTED_EDGE('',*,*,#1208,.F.);
#620=ORIENTED_EDGE('',*,*,#1209,.F.);
#621=ORIENTED_EDGE('',*,*,#1206,.T.);
#622=ORIENTED_EDGE('',*,*,#1074,.T.);
#623=ORIENTED_EDGE('',*,*,#1210,.T.);
#624=ORIENTED_EDGE('',*,*,#1211,.F.);
#625=ORIENTED_EDGE('',*,*,#1212,.F.);
#626=ORIENTED_EDGE('',*,*,#1213,.F.);
#627=ORIENTED_EDGE('',*,*,#1208,.T.);
#628=ORIENTED_EDGE('',*,*,#1214,.F.);
#629=ORIENTED_EDGE('',*,*,#1215,.T.);
#630=ORIENTED_EDGE('',*,*,#1194,.F.);
#631=ORIENTED_EDGE('',*,*,#1216,.T.);
#632=ORIENTED_EDGE('',*,*,#1212,.T.);
#633=ORIENTED_EDGE('',*,*,#1197,.T.);
#634=ORIENTED_EDGE('',*,*,#1199,.T.);
#635=ORIENTED_EDGE('',*,*,#1201,.T.);
#636=ORIENTED_EDGE('',*,*,#1203,.T.);
#637=ORIENTED_EDGE('',*,*,#1205,.T.);
#638=ORIENTED_EDGE('',*,*,#1207,.T.);
#639=ORIENTED_EDGE('',*,*,#1209,.T.);
#640=ORIENTED_EDGE('',*,*,#1213,.T.);
#641=ORIENTED_EDGE('',*,*,#1216,.F.);
#642=ORIENTED_EDGE('',*,*,#1217,.T.);
#643=ORIENTED_EDGE('',*,*,#1218,.T.);
#644=ORIENTED_EDGE('',*,*,#1219,.T.);
#645=ORIENTED_EDGE('',*,*,#1220,.F.);
#646=ORIENTED_EDGE('',*,*,#1221,.T.);
#647=ORIENTED_EDGE('',*,*,#1220,.T.);
#648=ORIENTED_EDGE('',*,*,#1222,.T.);
#649=ORIENTED_EDGE('',*,*,#1218,.F.);
#650=ORIENTED_EDGE('',*,*,#1223,.T.);
#651=ORIENTED_EDGE('',*,*,#1224,.T.);
#652=ORIENTED_EDGE('',*,*,#1225,.T.);
#653=ORIENTED_EDGE('',*,*,#1226,.F.);
#654=ORIENTED_EDGE('',*,*,#1224,.F.);
#655=ORIENTED_EDGE('',*,*,#1152,.T.);
#656=ORIENTED_EDGE('',*,*,#1227,.T.);
#657=ORIENTED_EDGE('',*,*,#1157,.F.);
#658=ORIENTED_EDGE('',*,*,#1228,.F.);
#659=ORIENTED_EDGE('',*,*,#1229,.T.);
#660=ORIENTED_EDGE('',*,*,#1230,.T.);
#661=ORIENTED_EDGE('',*,*,#1230,.F.);
#662=ORIENTED_EDGE('',*,*,#1231,.T.);
#663=ORIENTED_EDGE('',*,*,#1232,.T.);
#664=ORIENTED_EDGE('',*,*,#1233,.T.);
#665=ORIENTED_EDGE('',*,*,#1234,.F.);
#666=ORIENTED_EDGE('',*,*,#1232,.F.);
#667=ORIENTED_EDGE('',*,*,#1235,.T.);
#668=ORIENTED_EDGE('',*,*,#1236,.T.);
#669=ORIENTED_EDGE('',*,*,#1237,.T.);
#670=ORIENTED_EDGE('',*,*,#1238,.F.);
#671=ORIENTED_EDGE('',*,*,#1236,.F.);
#672=ORIENTED_EDGE('',*,*,#1239,.T.);
#673=ORIENTED_EDGE('',*,*,#1240,.T.);
#674=ORIENTED_EDGE('',*,*,#1241,.T.);
#675=ORIENTED_EDGE('',*,*,#1242,.F.);
#676=ORIENTED_EDGE('',*,*,#1240,.F.);
#677=ORIENTED_EDGE('',*,*,#1243,.T.);
#678=ORIENTED_EDGE('',*,*,#1244,.T.);
#679=ORIENTED_EDGE('',*,*,#1245,.T.);
#680=ORIENTED_EDGE('',*,*,#1246,.F.);
#681=ORIENTED_EDGE('',*,*,#1244,.F.);
#682=ORIENTED_EDGE('',*,*,#1211,.T.);
#683=ORIENTED_EDGE('',*,*,#1247,.T.);
#684=ORIENTED_EDGE('',*,*,#1116,.F.);
#685=ORIENTED_EDGE('',*,*,#1248,.F.);
#686=ORIENTED_EDGE('',*,*,#1106,.F.);
#687=ORIENTED_EDGE('',*,*,#1249,.T.);
#688=ORIENTED_EDGE('',*,*,#1146,.T.);
#689=ORIENTED_EDGE('',*,*,#1119,.T.);
#690=ORIENTED_EDGE('',*,*,#1113,.T.);
#691=ORIENTED_EDGE('',*,*,#1250,.T.);
#692=ORIENTED_EDGE('',*,*,#1108,.F.);
#693=ORIENTED_EDGE('',*,*,#1251,.F.);
#694=ORIENTED_EDGE('',*,*,#1163,.F.);
#695=ORIENTED_EDGE('',*,*,#1252,.T.);
#696=ORIENTED_EDGE('',*,*,#1140,.T.);
#697=ORIENTED_EDGE('',*,*,#1134,.T.);
#698=ORIENTED_EDGE('',*,*,#1253,.T.);
#699=ORIENTED_EDGE('',*,*,#1254,.T.);
#700=ORIENTED_EDGE('',*,*,#1160,.T.);
#701=ORIENTED_EDGE('',*,*,#1255,.T.);
#702=ORIENTED_EDGE('',*,*,#1114,.F.);
#703=ORIENTED_EDGE('',*,*,#1256,.F.);
#704=ORIENTED_EDGE('',*,*,#1142,.F.);
#705=ORIENTED_EDGE('',*,*,#1257,.T.);
#706=ORIENTED_EDGE('',*,*,#1171,.T.);
#707=ORIENTED_EDGE('',*,*,#1136,.T.);
#708=ORIENTED_EDGE('',*,*,#1258,.T.);
#709=ORIENTED_EDGE('',*,*,#1259,.T.);
#710=ORIENTED_EDGE('',*,*,#1111,.T.);
#711=ORIENTED_EDGE('',*,*,#1260,.T.);
#712=ORIENTED_EDGE('',*,*,#1143,.F.);
#713=ORIENTED_EDGE('',*,*,#1261,.F.);
#714=ORIENTED_EDGE('',*,*,#1254,.F.);
#715=ORIENTED_EDGE('',*,*,#1259,.F.);
#716=ORIENTED_EDGE('',*,*,#1262,.T.);
#717=ORIENTED_EDGE('',*,*,#1263,.T.);
#718=ORIENTED_EDGE('',*,*,#1264,.T.);
#719=ORIENTED_EDGE('',*,*,#1265,.F.);
#720=ORIENTED_EDGE('',*,*,#1263,.F.);
#721=ORIENTED_EDGE('',*,*,#1068,.F.);
#722=ORIENTED_EDGE('',*,*,#1264,.F.);
#723=ORIENTED_EDGE('',*,*,#1210,.F.);
#724=ORIENTED_EDGE('',*,*,#1073,.F.);
#725=ORIENTED_EDGE('',*,*,#1117,.F.);
#726=ORIENTED_EDGE('',*,*,#1247,.F.);
#727=ORIENTED_EDGE('',*,*,#1112,.F.);
#728=ORIENTED_EDGE('',*,*,#1092,.F.);
#729=ORIENTED_EDGE('',*,*,#1109,.F.);
#730=ORIENTED_EDGE('',*,*,#1250,.F.);
#731=ORIENTED_EDGE('',*,*,#1110,.F.);
#732=ORIENTED_EDGE('',*,*,#1090,.F.);
#733=ORIENTED_EDGE('',*,*,#1176,.F.);
#734=ORIENTED_EDGE('',*,*,#1144,.F.);
#735=ORIENTED_EDGE('',*,*,#1260,.F.);
#736=ORIENTED_EDGE('',*,*,#1159,.F.);
#737=ORIENTED_EDGE('',*,*,#1094,.F.);
#738=ORIENTED_EDGE('',*,*,#1115,.F.);
#739=ORIENTED_EDGE('',*,*,#1255,.F.);
#740=ORIENTED_EDGE('',*,*,#1069,.F.);
#741=ORIENTED_EDGE('',*,*,#1225,.F.);
#742=ORIENTED_EDGE('',*,*,#1241,.F.);
#743=ORIENTED_EDGE('',*,*,#1097,.F.);
#744=ORIENTED_EDGE('',*,*,#1266,.F.);
#745=ORIENTED_EDGE('',*,*,#1266,.T.);
#746=ORIENTED_EDGE('',*,*,#1096,.F.);
#747=ORIENTED_EDGE('',*,*,#1158,.F.);
#748=ORIENTED_EDGE('',*,*,#1227,.F.);
#749=ORIENTED_EDGE('',*,*,#1151,.F.);
#750=ORIENTED_EDGE('',*,*,#1098,.F.);
#751=ORIENTED_EDGE('',*,*,#1070,.F.);
#752=ORIENTED_EDGE('',*,*,#1233,.F.);
#753=ORIENTED_EDGE('',*,*,#1071,.F.);
#754=ORIENTED_EDGE('',*,*,#1237,.F.);
#755=ORIENTED_EDGE('',*,*,#1101,.F.);
#756=ORIENTED_EDGE('',*,*,#1245,.F.);
#757=ORIENTED_EDGE('',*,*,#1102,.F.);
#758=ORIENTED_EDGE('',*,*,#1219,.F.);
#759=ORIENTED_EDGE('',*,*,#1128,.F.);
#760=ORIENTED_EDGE('',*,*,#1267,.T.);
#761=ORIENTED_EDGE('',*,*,#1268,.T.);
#762=ORIENTED_EDGE('',*,*,#1269,.T.);
#763=ORIENTED_EDGE('',*,*,#1125,.T.);
#764=ORIENTED_EDGE('',*,*,#1270,.T.);
#765=ORIENTED_EDGE('',*,*,#1271,.F.);
#766=ORIENTED_EDGE('',*,*,#1272,.T.);
#767=ORIENTED_EDGE('',*,*,#1268,.F.);
#768=ORIENTED_EDGE('',*,*,#1273,.T.);
#769=ORIENTED_EDGE('',*,*,#1274,.T.);
#770=ORIENTED_EDGE('',*,*,#1275,.T.);
#771=ORIENTED_EDGE('',*,*,#1271,.T.);
#772=ORIENTED_EDGE('',*,*,#1276,.T.);
#773=ORIENTED_EDGE('',*,*,#1277,.T.);
#774=ORIENTED_EDGE('',*,*,#1278,.T.);
#775=ORIENTED_EDGE('',*,*,#1127,.F.);
#776=ORIENTED_EDGE('',*,*,#1058,.F.);
#777=ORIENTED_EDGE('',*,*,#1279,.F.);
#778=ORIENTED_EDGE('',*,*,#1267,.F.);
#779=ORIENTED_EDGE('',*,*,#1279,.T.);
#780=ORIENTED_EDGE('',*,*,#1057,.F.);
#781=ORIENTED_EDGE('',*,*,#1280,.F.);
#782=ORIENTED_EDGE('',*,*,#1273,.F.);
#783=ORIENTED_EDGE('',*,*,#1129,.F.);
#784=ORIENTED_EDGE('',*,*,#1269,.F.);
#785=ORIENTED_EDGE('',*,*,#1281,.F.);
#786=ORIENTED_EDGE('',*,*,#1060,.F.);
#787=ORIENTED_EDGE('',*,*,#1282,.F.);
#788=ORIENTED_EDGE('',*,*,#1249,.F.);
#789=ORIENTED_EDGE('',*,*,#1283,.F.);
#790=ORIENTED_EDGE('',*,*,#1032,.F.);
#791=ORIENTED_EDGE('',*,*,#1195,.F.);
#792=ORIENTED_EDGE('',*,*,#1215,.F.);
#793=ORIENTED_EDGE('',*,*,#1283,.T.);
#794=ORIENTED_EDGE('',*,*,#1105,.F.);
#795=ORIENTED_EDGE('',*,*,#1284,.F.);
#796=ORIENTED_EDGE('',*,*,#1033,.F.);
#797=ORIENTED_EDGE('',*,*,#1280,.T.);
#798=ORIENTED_EDGE('',*,*,#1029,.F.);
#799=ORIENTED_EDGE('',*,*,#1285,.F.);
#800=ORIENTED_EDGE('',*,*,#1274,.F.);
#801=ORIENTED_EDGE('',*,*,#1281,.T.);
#802=ORIENTED_EDGE('',*,*,#1275,.F.);
#803=ORIENTED_EDGE('',*,*,#1286,.F.);
#804=ORIENTED_EDGE('',*,*,#1061,.F.);
#805=ORIENTED_EDGE('',*,*,#1248,.T.);
#806=ORIENTED_EDGE('',*,*,#1036,.F.);
#807=ORIENTED_EDGE('',*,*,#1287,.F.);
#808=ORIENTED_EDGE('',*,*,#1034,.F.);
#809=ORIENTED_EDGE('',*,*,#1284,.T.);
#810=ORIENTED_EDGE('',*,*,#1147,.F.);
#811=ORIENTED_EDGE('',*,*,#1282,.T.);
#812=ORIENTED_EDGE('',*,*,#1214,.T.);
#813=ORIENTED_EDGE('',*,*,#1286,.T.);
#814=ORIENTED_EDGE('',*,*,#1285,.T.);
#815=ORIENTED_EDGE('',*,*,#1288,.F.);
#816=ORIENTED_EDGE('',*,*,#1287,.T.);
#817=ORIENTED_EDGE('',*,*,#1035,.F.);
#818=ORIENTED_EDGE('',*,*,#1289,.F.);
#819=ORIENTED_EDGE('',*,*,#1062,.F.);
#820=ORIENTED_EDGE('',*,*,#1288,.T.);
#821=ORIENTED_EDGE('',*,*,#1028,.F.);
#822=ORIENTED_EDGE('',*,*,#1289,.T.);
#823=ORIENTED_EDGE('',*,*,#1042,.F.);
#824=ORIENTED_EDGE('',*,*,#1290,.F.);
#825=ORIENTED_EDGE('',*,*,#1168,.F.);
#826=ORIENTED_EDGE('',*,*,#1290,.T.);
#827=ORIENTED_EDGE('',*,*,#1041,.F.);
#828=ORIENTED_EDGE('',*,*,#1291,.F.);
#829=ORIENTED_EDGE('',*,*,#1292,.F.);
#830=ORIENTED_EDGE('',*,*,#1167,.F.);
#831=ORIENTED_EDGE('',*,*,#1293,.F.);
#832=ORIENTED_EDGE('',*,*,#1291,.T.);
#833=ORIENTED_EDGE('',*,*,#1040,.F.);
#834=ORIENTED_EDGE('',*,*,#1150,.F.);
#835=ORIENTED_EDGE('',*,*,#1154,.F.);
#836=ORIENTED_EDGE('',*,*,#1156,.F.);
#837=ORIENTED_EDGE('',*,*,#1044,.F.);
#838=ORIENTED_EDGE('',*,*,#1294,.F.);
#839=ORIENTED_EDGE('',*,*,#1292,.T.);
#840=ORIENTED_EDGE('',*,*,#1293,.T.);
#841=ORIENTED_EDGE('',*,*,#1295,.F.);
#842=ORIENTED_EDGE('',*,*,#1165,.F.);
#843=ORIENTED_EDGE('',*,*,#1294,.T.);
#844=ORIENTED_EDGE('',*,*,#1043,.F.);
#845=ORIENTED_EDGE('',*,*,#1296,.F.);
#846=ORIENTED_EDGE('',*,*,#1297,.F.);
#847=ORIENTED_EDGE('',*,*,#1162,.F.);
#848=ORIENTED_EDGE('',*,*,#1295,.T.);
#849=ORIENTED_EDGE('',*,*,#1139,.F.);
#850=ORIENTED_EDGE('',*,*,#1251,.T.);
#851=ORIENTED_EDGE('',*,*,#1050,.F.);
#852=ORIENTED_EDGE('',*,*,#1298,.F.);
#853=ORIENTED_EDGE('',*,*,#1067,.F.);
#854=ORIENTED_EDGE('',*,*,#1253,.F.);
#855=ORIENTED_EDGE('',*,*,#1299,.F.);
#856=ORIENTED_EDGE('',*,*,#1296,.T.);
#857=ORIENTED_EDGE('',*,*,#1046,.F.);
#858=ORIENTED_EDGE('',*,*,#1256,.T.);
#859=ORIENTED_EDGE('',*,*,#1065,.F.);
#860=ORIENTED_EDGE('',*,*,#1300,.F.);
#861=ORIENTED_EDGE('',*,*,#1297,.T.);
#862=ORIENTED_EDGE('',*,*,#1299,.T.);
#863=ORIENTED_EDGE('',*,*,#1301,.F.);
#864=ORIENTED_EDGE('',*,*,#1252,.F.);
#865=ORIENTED_EDGE('',*,*,#1126,.F.);
#866=ORIENTED_EDGE('',*,*,#1272,.F.);
#867=ORIENTED_EDGE('',*,*,#1302,.F.);
#868=ORIENTED_EDGE('',*,*,#1052,.F.);
#869=ORIENTED_EDGE('',*,*,#1298,.T.);
#870=ORIENTED_EDGE('',*,*,#1049,.F.);
#871=ORIENTED_EDGE('',*,*,#1303,.F.);
#872=ORIENTED_EDGE('',*,*,#1304,.F.);
#873=ORIENTED_EDGE('',*,*,#1141,.F.);
#874=ORIENTED_EDGE('',*,*,#1301,.T.);
#875=ORIENTED_EDGE('',*,*,#1300,.T.);
#876=ORIENTED_EDGE('',*,*,#1064,.F.);
#877=ORIENTED_EDGE('',*,*,#1302,.T.);
#878=ORIENTED_EDGE('',*,*,#1278,.F.);
#879=ORIENTED_EDGE('',*,*,#1305,.F.);
#880=ORIENTED_EDGE('',*,*,#1053,.F.);
#881=ORIENTED_EDGE('',*,*,#1258,.F.);
#882=ORIENTED_EDGE('',*,*,#1306,.F.);
#883=ORIENTED_EDGE('',*,*,#1303,.T.);
#884=ORIENTED_EDGE('',*,*,#1048,.F.);
#885=ORIENTED_EDGE('',*,*,#1261,.T.);
#886=ORIENTED_EDGE('',*,*,#1025,.F.);
#887=ORIENTED_EDGE('',*,*,#1307,.F.);
#888=ORIENTED_EDGE('',*,*,#1304,.T.);
#889=ORIENTED_EDGE('',*,*,#1306,.T.);
#890=ORIENTED_EDGE('',*,*,#1308,.F.);
#891=ORIENTED_EDGE('',*,*,#1257,.F.);
#892=ORIENTED_EDGE('',*,*,#1305,.T.);
#893=ORIENTED_EDGE('',*,*,#1277,.F.);
#894=ORIENTED_EDGE('',*,*,#1309,.F.);
#895=ORIENTED_EDGE('',*,*,#1023,.F.);
#896=ORIENTED_EDGE('',*,*,#1307,.T.);
#897=ORIENTED_EDGE('',*,*,#1024,.F.);
#898=ORIENTED_EDGE('',*,*,#1310,.F.);
#899=ORIENTED_EDGE('',*,*,#1172,.F.);
#900=ORIENTED_EDGE('',*,*,#1308,.T.);
#901=ORIENTED_EDGE('',*,*,#1310,.T.);
#902=ORIENTED_EDGE('',*,*,#1309,.T.);
#903=ORIENTED_EDGE('',*,*,#1311,.F.);
#904=ORIENTED_EDGE('',*,*,#1311,.T.);
#905=ORIENTED_EDGE('',*,*,#1276,.F.);
#906=ORIENTED_EDGE('',*,*,#1312,.F.);
#907=ORIENTED_EDGE('',*,*,#1169,.F.);
#908=ORIENTED_EDGE('',*,*,#1312,.T.);
#909=ORIENTED_EDGE('',*,*,#1270,.F.);
#910=ORIENTED_EDGE('',*,*,#1124,.F.);
#911=ORIENTED_EDGE('',*,*,#1170,.F.);
#912=ORIENTED_EDGE('',*,*,#1226,.T.);
#913=ORIENTED_EDGE('',*,*,#1223,.F.);
#914=ORIENTED_EDGE('',*,*,#1242,.T.);
#915=ORIENTED_EDGE('',*,*,#1239,.F.);
#916=ORIENTED_EDGE('',*,*,#1155,.T.);
#917=ORIENTED_EDGE('',*,*,#1228,.T.);
#918=ORIENTED_EDGE('',*,*,#1229,.F.);
#919=ORIENTED_EDGE('',*,*,#1234,.T.);
#920=ORIENTED_EDGE('',*,*,#1231,.F.);
#921=ORIENTED_EDGE('',*,*,#1238,.T.);
#922=ORIENTED_EDGE('',*,*,#1235,.F.);
#923=ORIENTED_EDGE('',*,*,#1265,.T.);
#924=ORIENTED_EDGE('',*,*,#1262,.F.);
#925=ORIENTED_EDGE('',*,*,#1246,.T.);
#926=ORIENTED_EDGE('',*,*,#1243,.F.);
#927=ORIENTED_EDGE('',*,*,#1221,.F.);
#928=ORIENTED_EDGE('',*,*,#1222,.F.);
#929=ORIENTED_EDGE('',*,*,#1217,.F.);
#930=ORIENTED_EDGE('',*,*,#1313,.T.);
#931=ORIENTED_EDGE('',*,*,#1012,.F.);
#932=ORIENTED_EDGE('',*,*,#1004,.T.);
#933=ORIENTED_EDGE('',*,*,#1008,.T.);
#934=ORIENTED_EDGE('',*,*,#978,.T.);
#935=ORIENTED_EDGE('',*,*,#1019,.F.);
#936=ORIENTED_EDGE('',*,*,#1314,.T.);
#937=ORIENTED_EDGE('',*,*,#1315,.T.);
#938=ORIENTED_EDGE('',*,*,#1316,.T.);
#939=ORIENTED_EDGE('',*,*,#1020,.F.);
#940=ORIENTED_EDGE('',*,*,#985,.F.);
#941=ORIENTED_EDGE('',*,*,#1015,.F.);
#942=ORIENTED_EDGE('',*,*,#1317,.T.);
#943=ORIENTED_EDGE('',*,*,#1318,.T.);
#944=ORIENTED_EDGE('',*,*,#1319,.T.);
#945=ORIENTED_EDGE('',*,*,#1016,.F.);
#946=ORIENTED_EDGE('',*,*,#993,.F.);
#947=ORIENTED_EDGE('',*,*,#998,.T.);
#948=ORIENTED_EDGE('',*,*,#1001,.T.);
#949=ORIENTED_EDGE('',*,*,#1011,.F.);
#950=ORIENTED_EDGE('',*,*,#1010,.T.);
#951=ORIENTED_EDGE('',*,*,#1006,.F.);
#952=ORIENTED_EDGE('',*,*,#1013,.T.);
#953=ORIENTED_EDGE('',*,*,#1313,.F.);
#954=ORIENTED_EDGE('',*,*,#1014,.T.);
#955=ORIENTED_EDGE('',*,*,#991,.F.);
#956=ORIENTED_EDGE('',*,*,#1320,.F.);
#957=ORIENTED_EDGE('',*,*,#1317,.F.);
#958=ORIENTED_EDGE('',*,*,#1320,.T.);
#959=ORIENTED_EDGE('',*,*,#1138,.F.);
#960=ORIENTED_EDGE('',*,*,#1321,.F.);
#961=ORIENTED_EDGE('',*,*,#1318,.F.);
#962=ORIENTED_EDGE('',*,*,#1321,.T.);
#963=ORIENTED_EDGE('',*,*,#995,.F.);
#964=ORIENTED_EDGE('',*,*,#1017,.F.);
#965=ORIENTED_EDGE('',*,*,#1319,.F.);
#966=ORIENTED_EDGE('',*,*,#1018,.T.);
#967=ORIENTED_EDGE('',*,*,#982,.F.);
#968=ORIENTED_EDGE('',*,*,#1322,.F.);
#969=ORIENTED_EDGE('',*,*,#1314,.F.);
#970=ORIENTED_EDGE('',*,*,#1322,.T.);
#971=ORIENTED_EDGE('',*,*,#1137,.F.);
#972=ORIENTED_EDGE('',*,*,#1323,.F.);
#973=ORIENTED_EDGE('',*,*,#1315,.F.);
#974=ORIENTED_EDGE('',*,*,#1323,.T.);
#975=ORIENTED_EDGE('',*,*,#987,.F.);
#976=ORIENTED_EDGE('',*,*,#1021,.F.);
#977=ORIENTED_EDGE('',*,*,#1316,.F.);
#978=EDGE_CURVE('',#1324,#1325,#1555,.T.);
#979=EDGE_CURVE('',#1326,#1324,#1556,.T.);
#980=EDGE_CURVE('',#1327,#1326,#1557,.T.);
#981=EDGE_CURVE('',#1327,#1328,#1558,.F.);
#982=EDGE_CURVE('',#1328,#1329,#1559,.F.);
#983=EDGE_CURVE('',#1329,#1325,#1560,.F.);
#984=EDGE_CURVE('',#1330,#1331,#1561,.F.);
#985=EDGE_CURVE('',#1331,#1332,#1562,.T.);
#986=EDGE_CURVE('',#1332,#1333,#1563,.T.);
#987=EDGE_CURVE('',#1333,#1334,#1564,.F.);
#988=EDGE_CURVE('',#1335,#1334,#1565,.T.);
#989=EDGE_CURVE('',#1335,#1336,#1566,.T.);
#990=EDGE_CURVE('',#1336,#1337,#1567,.F.);
#991=EDGE_CURVE('',#1337,#1330,#1568,.F.);
#992=EDGE_CURVE('',#1338,#1339,#1569,.F.);
#993=EDGE_CURVE('',#1339,#1340,#1570,.T.);
#994=EDGE_CURVE('',#1340,#1341,#1571,.T.);
#995=EDGE_CURVE('',#1341,#1342,#1572,.F.);
#996=EDGE_CURVE('',#1343,#1342,#1573,.T.);
#997=EDGE_CURVE('',#1343,#1338,#1574,.T.);
#998=EDGE_CURVE('',#1339,#1344,#96,.T.);
#999=EDGE_CURVE('',#1345,#1338,#97,.T.);
#1000=EDGE_CURVE('',#1345,#1344,#1575,.T.);
#1001=EDGE_CURVE('',#1344,#1346,#1576,.T.);
#1002=EDGE_CURVE('',#1347,#1345,#1577,.T.);
#1003=EDGE_CURVE('',#1347,#1348,#1578,.F.);
#1004=EDGE_CURVE('',#1349,#1348,#1579,.T.);
#1005=EDGE_CURVE('',#1349,#1350,#1580,.T.);
#1006=EDGE_CURVE('',#1350,#1351,#1581,.F.);
#1007=EDGE_CURVE('',#1351,#1346,#1582,.F.);
#1008=EDGE_CURVE('',#1348,#1324,#98,.T.);
#1009=EDGE_CURVE('',#1326,#1347,#99,.T.);
#1010=EDGE_CURVE('',#1352,#1351,#87,.F.);
#1011=EDGE_CURVE('',#1352,#1346,#100,.F.);
#1012=EDGE_CURVE('',#1349,#1353,#101,.F.);
#1013=EDGE_CURVE('',#1350,#1353,#88,.T.);
#1014=EDGE_CURVE('',#1354,#1330,#89,.T.);
#1015=EDGE_CURVE('',#1354,#1331,#102,.F.);
#1016=EDGE_CURVE('',#1340,#1355,#103,.F.);
#1017=EDGE_CURVE('',#1355,#1341,#90,.T.);
#1018=EDGE_CURVE('',#1356,#1329,#91,.T.);
#1019=EDGE_CURVE('',#1356,#1325,#104,.F.);
#1020=EDGE_CURVE('',#1332,#1357,#105,.F.);
#1021=EDGE_CURVE('',#1357,#1333,#92,.F.);
#1022=EDGE_CURVE('',#1358,#1359,#1583,.T.);
#1023=EDGE_CURVE('',#1358,#1360,#1584,.F.);
#1024=EDGE_CURVE('',#1360,#1361,#1585,.T.);
#1025=EDGE_CURVE('',#1361,#1362,#106,.F.);
#1026=EDGE_CURVE('',#1363,#1362,#1586,.T.);
#1027=EDGE_CURVE('',#1359,#1363,#1587,.T.);
#1028=EDGE_CURVE('',#1364,#1365,#1588,.T.);
#1029=EDGE_CURVE('',#1365,#1366,#1589,.T.);
#1030=EDGE_CURVE('',#1367,#1366,#1590,.T.);
#1031=EDGE_CURVE('',#1368,#1367,#1591,.T.);
#1032=EDGE_CURVE('',#1368,#1369,#1592,.T.);
#1033=EDGE_CURVE('',#1369,#1370,#1593,.F.);
#1034=EDGE_CURVE('',#1370,#1364,#107,.F.);
#1035=EDGE_CURVE('',#1371,#1372,#1594,.T.);
#1036=EDGE_CURVE('',#1372,#1373,#108,.F.);
#1037=EDGE_CURVE('',#1374,#1373,#1595,.T.);
#1038=EDGE_CURVE('',#1374,#1375,#109,.T.);
#1039=EDGE_CURVE('',#1375,#1376,#1596,.T.);
#1040=EDGE_CURVE('',#1376,#1377,#110,.F.);
#1041=EDGE_CURVE('',#1377,#1378,#1597,.F.);
#1042=EDGE_CURVE('',#1378,#1371,#111,.T.);
#1043=EDGE_CURVE('',#1379,#1380,#1598,.F.);
#1044=EDGE_CURVE('',#1380,#1381,#112,.F.);
#1045=EDGE_CURVE('',#1381,#1382,#1599,.T.);
#1046=EDGE_CURVE('',#1382,#1379,#113,.F.);
#1047=EDGE_CURVE('',#1383,#1384,#1600,.T.);
#1048=EDGE_CURVE('',#1383,#1385,#114,.F.);
#1049=EDGE_CURVE('',#1385,#1386,#1601,.T.);
#1050=EDGE_CURVE('',#1386,#1384,#115,.F.);
#1051=EDGE_CURVE('',#1387,#1388,#1602,.T.);
#1052=EDGE_CURVE('',#1387,#1389,#49,.T.);
#1053=EDGE_CURVE('',#1389,#1358,#1603,.F.);
#1054=EDGE_CURVE('',#1359,#1390,#1604,.T.);
#1055=EDGE_CURVE('',#1391,#1390,#1605,.T.);
#1056=EDGE_CURVE('',#1367,#1391,#1606,.T.);
#1057=EDGE_CURVE('',#1366,#1392,#1607,.T.);
#1058=EDGE_CURVE('',#1392,#1388,#50,.T.);
#1059=EDGE_CURVE('',#1393,#1394,#1608,.T.);
#1060=EDGE_CURVE('',#1394,#1395,#51,.T.);
#1061=EDGE_CURVE('',#1395,#1396,#1609,.F.);
#1062=EDGE_CURVE('',#1396,#1397,#1610,.F.);
#1063=EDGE_CURVE('',#1397,#1393,#1611,.T.);
#1064=EDGE_CURVE('',#1398,#1399,#1612,.T.);
#1065=EDGE_CURVE('',#1399,#1400,#116,.F.);
#1066=EDGE_CURVE('',#1401,#1400,#1613,.T.);
#1067=EDGE_CURVE('',#1401,#1398,#117,.F.);
#1068=EDGE_CURVE('',#1402,#1402,#118,.F.);
#1069=EDGE_CURVE('',#1403,#1403,#119,.F.);
#1070=EDGE_CURVE('',#1404,#1404,#120,.F.);
#1071=EDGE_CURVE('',#1405,#1405,#121,.F.);
#1072=EDGE_CURVE('',#1406,#1407,#1614,.T.);
#1073=EDGE_CURVE('',#1407,#1408,#122,.F.);
#1074=EDGE_CURVE('',#1409,#1408,#1615,.T.);
#1075=EDGE_CURVE('',#1410,#1409,#1616,.T.);
#1076=EDGE_CURVE('',#1411,#1410,#1617,.T.);
#1077=EDGE_CURVE('',#1412,#1411,#1618,.T.);
#1078=EDGE_CURVE('',#1413,#1412,#1619,.T.);
#1079=EDGE_CURVE('',#1414,#1413,#1620,.T.);
#1080=EDGE_CURVE('',#1391,#1414,#1621,.T.);
#1081=EDGE_CURVE('',#1390,#1415,#1622,.T.);
#1082=EDGE_CURVE('',#1415,#1416,#1623,.T.);
#1083=EDGE_CURVE('',#1416,#1417,#1624,.T.);
#1084=EDGE_CURVE('',#1417,#1418,#1625,.T.);
#1085=EDGE_CURVE('',#1418,#1419,#1626,.T.);
#1086=EDGE_CURVE('',#1419,#1420,#1627,.T.);
#1087=EDGE_CURVE('',#1420,#1421,#1628,.T.);
#1088=EDGE_CURVE('',#1421,#1422,#1629,.T.);
#1089=EDGE_CURVE('',#1422,#1423,#1630,.T.);
#1090=EDGE_CURVE('',#1423,#1424,#123,.F.);
#1091=EDGE_CURVE('',#1424,#1425,#1631,.T.);
#1092=EDGE_CURVE('',#1425,#1426,#124,.F.);
#1093=EDGE_CURVE('',#1426,#1427,#1632,.T.);
#1094=EDGE_CURVE('',#1427,#1428,#125,.F.);
#1095=EDGE_CURVE('',#1429,#1428,#1633,.T.);
#1096=EDGE_CURVE('',#1429,#1430,#126,.F.);
#1097=EDGE_CURVE('',#1430,#1431,#127,.F.);
#1098=EDGE_CURVE('',#1431,#1432,#128,.F.);
#1099=EDGE_CURVE('',#1433,#1432,#1634,.T.);
#1100=EDGE_CURVE('',#1406,#1433,#129,.T.);
#1101=EDGE_CURVE('',#1434,#1434,#130,.F.);
#1102=EDGE_CURVE('',#1435,#1435,#131,.F.);
#1103=EDGE_CURVE('',#1436,#1436,#132,.T.);
#1104=EDGE_CURVE('',#1437,#1438,#1635,.T.);
#1105=EDGE_CURVE('',#1437,#1439,#1636,.T.);
#1106=EDGE_CURVE('',#1439,#1440,#1637,.T.);
#1107=EDGE_CURVE('',#1438,#1440,#1638,.T.);
#1108=EDGE_CURVE('',#1384,#1441,#1639,.T.);
#1109=EDGE_CURVE('',#1441,#1425,#52,.T.);
#1110=EDGE_CURVE('',#1424,#1442,#53,.T.);
#1111=EDGE_CURVE('',#1383,#1442,#1640,.T.);
#1112=EDGE_CURVE('',#1426,#1443,#54,.T.);
#1113=EDGE_CURVE('',#1401,#1443,#1641,.T.);
#1114=EDGE_CURVE('',#1400,#1444,#1642,.T.);
#1115=EDGE_CURVE('',#1444,#1427,#55,.T.);
#1116=EDGE_CURVE('',#1373,#1445,#1643,.T.);
#1117=EDGE_CURVE('',#1445,#1407,#56,.T.);
#1118=EDGE_CURVE('',#1374,#1406,#1644,.T.);
#1119=EDGE_CURVE('',#1446,#1440,#1645,.T.);
#1120=EDGE_CURVE('',#1446,#1438,#133,.T.);
#1121=EDGE_CURVE('',#1336,#1343,#134,.F.);
#1122=EDGE_CURVE('',#1327,#1335,#135,.F.);
#1123=EDGE_CURVE('',#1447,#1448,#1646,.T.);
#1124=EDGE_CURVE('',#1447,#1449,#57,.T.);
#1125=EDGE_CURVE('',#1450,#1449,#1647,.T.);
#1126=EDGE_CURVE('',#1450,#1387,#58,.T.);
#1127=EDGE_CURVE('',#1388,#1451,#59,.T.);
#1128=EDGE_CURVE('',#1451,#1452,#1648,.T.);
#1129=EDGE_CURVE('',#1452,#1394,#60,.T.);
#1130=EDGE_CURVE('',#1393,#1453,#136,.F.);
#1131=EDGE_CURVE('',#1453,#1454,#1649,.T.);
#1132=EDGE_CURVE('',#1454,#1455,#137,.F.);
#1133=EDGE_CURVE('',#1455,#1456,#1650,.T.);
#1134=EDGE_CURVE('',#1457,#1456,#138,.T.);
#1135=EDGE_CURVE('',#1458,#1457,#1651,.T.);
#1136=EDGE_CURVE('',#1448,#1458,#139,.T.);
#1137=EDGE_CURVE('',#1334,#1328,#140,.F.);
#1138=EDGE_CURVE('',#1342,#1337,#141,.F.);
#1139=EDGE_CURVE('',#1459,#1459,#142,.T.);
#1140=EDGE_CURVE('',#1460,#1457,#1652,.T.);
#1141=EDGE_CURVE('',#1460,#1461,#1653,.F.);
#1142=EDGE_CURVE('',#1461,#1458,#1654,.T.);
#1143=EDGE_CURVE('',#1362,#1462,#1655,.T.);
#1144=EDGE_CURVE('',#1462,#1463,#61,.T.);
#1145=EDGE_CURVE('',#1363,#1463,#1656,.T.);
#1146=EDGE_CURVE('',#1464,#1446,#1657,.T.);
#1147=EDGE_CURVE('',#1464,#1437,#143,.T.);
#1148=EDGE_CURVE('',#1375,#1433,#1658,.T.);
#1149=EDGE_CURVE('',#1465,#1466,#1659,.T.);
#1150=EDGE_CURVE('',#1465,#1376,#62,.T.);
#1151=EDGE_CURVE('',#1432,#1467,#63,.T.);
#1152=EDGE_CURVE('',#1466,#1467,#1660,.T.);
#1153=EDGE_CURVE('',#1468,#1469,#1661,.T.);
#1154=EDGE_CURVE('',#1468,#1465,#144,.T.);
#1155=EDGE_CURVE('',#1469,#1466,#145,.T.);
#1156=EDGE_CURVE('',#1381,#1468,#64,.T.);
#1157=EDGE_CURVE('',#1469,#1470,#1662,.T.);
#1158=EDGE_CURVE('',#1470,#1429,#65,.T.);
#1159=EDGE_CURVE('',#1428,#1471,#66,.T.);
#1160=EDGE_CURVE('',#1382,#1471,#1663,.T.);
#1161=EDGE_CURVE('',#1472,#1455,#1664,.T.);
#1162=EDGE_CURVE('',#1472,#1473,#1665,.T.);
#1163=EDGE_CURVE('',#1473,#1456,#1666,.T.);
#1164=EDGE_CURVE('',#1474,#1454,#1667,.T.);
#1165=EDGE_CURVE('',#1474,#1472,#146,.F.);
#1166=EDGE_CURVE('',#1475,#1453,#1668,.T.);
#1167=EDGE_CURVE('',#1475,#1474,#1669,.T.);
#1168=EDGE_CURVE('',#1397,#1475,#147,.F.);
#1169=EDGE_CURVE('',#1476,#1477,#1670,.T.);
#1170=EDGE_CURVE('',#1477,#1447,#67,.T.);
#1171=EDGE_CURVE('',#1478,#1448,#1671,.T.);
#1172=EDGE_CURVE('',#1478,#1476,#1672,.F.);
#1173=EDGE_CURVE('',#1479,#1359,#1673,.T.);
#1174=EDGE_CURVE('',#1480,#1363,#1674,.T.);
#1175=EDGE_CURVE('',#1479,#1480,#1675,.T.);
#1176=EDGE_CURVE('',#1463,#1423,#68,.T.);
#1177=EDGE_CURVE('',#1481,#1422,#1676,.T.);
#1178=EDGE_CURVE('',#1481,#1480,#1677,.T.);
#1179=EDGE_CURVE('',#1482,#1421,#1678,.T.);
#1180=EDGE_CURVE('',#1482,#1481,#1679,.T.);
#1181=EDGE_CURVE('',#1483,#1420,#1680,.T.);
#1182=EDGE_CURVE('',#1483,#1482,#1681,.T.);
#1183=EDGE_CURVE('',#1484,#1419,#1682,.T.);
#1184=EDGE_CURVE('',#1484,#1483,#1683,.T.);
#1185=EDGE_CURVE('',#1485,#1418,#1684,.T.);
#1186=EDGE_CURVE('',#1485,#1484,#1685,.T.);
#1187=EDGE_CURVE('',#1486,#1417,#1686,.T.);
#1188=EDGE_CURVE('',#1486,#1485,#1687,.T.);
#1189=EDGE_CURVE('',#1487,#1416,#1688,.T.);
#1190=EDGE_CURVE('',#1487,#1486,#1689,.T.);
#1191=EDGE_CURVE('',#1488,#1415,#1690,.T.);
#1192=EDGE_CURVE('',#1488,#1487,#1691,.T.);
#1193=EDGE_CURVE('',#1479,#1488,#1692,.T.);
#1194=EDGE_CURVE('',#1489,#1490,#1693,.T.);
#1195=EDGE_CURVE('',#1490,#1368,#148,.T.);
#1196=EDGE_CURVE('',#1491,#1367,#1694,.T.);
#1197=EDGE_CURVE('',#1489,#1491,#1695,.T.);
#1198=EDGE_CURVE('',#1492,#1414,#1696,.T.);
#1199=EDGE_CURVE('',#1491,#1492,#1697,.T.);
#1200=EDGE_CURVE('',#1493,#1413,#1698,.T.);
#1201=EDGE_CURVE('',#1492,#1493,#1699,.T.);
#1202=EDGE_CURVE('',#1494,#1412,#1700,.T.);
#1203=EDGE_CURVE('',#1493,#1494,#1701,.T.);
#1204=EDGE_CURVE('',#1495,#1411,#1702,.T.);
#1205=EDGE_CURVE('',#1494,#1495,#1703,.T.);
#1206=EDGE_CURVE('',#1496,#1410,#1704,.T.);
#1207=EDGE_CURVE('',#1495,#1496,#1705,.T.);
#1208=EDGE_CURVE('',#1497,#1409,#1706,.T.);
#1209=EDGE_CURVE('',#1496,#1497,#1707,.T.);
#1210=EDGE_CURVE('',#1408,#1498,#69,.T.);
#1211=EDGE_CURVE('',#1499,#1498,#1708,.T.);
#1212=EDGE_CURVE('',#1500,#1499,#1709,.T.);
#1213=EDGE_CURVE('',#1497,#1500,#1710,.T.);
#1214=EDGE_CURVE('',#1501,#1499,#149,.T.);
#1215=EDGE_CURVE('',#1501,#1490,#70,.T.);
#1216=EDGE_CURVE('',#1489,#1500,#150,.T.);
#1217=EDGE_CURVE('',#1502,#1502,#151,.T.);
#1218=EDGE_CURVE('',#1503,#1503,#152,.F.);
#1219=EDGE_CURVE('',#1504,#1504,#153,.T.);
#1220=EDGE_CURVE('',#1505,#1506,#154,.T.);
#1221=EDGE_CURVE('',#1505,#1506,#71,.T.);
#1222=EDGE_CURVE('',#1506,#1505,#155,.F.);
#1223=EDGE_CURVE('',#1507,#1507,#156,.T.);
#1224=EDGE_CURVE('',#1508,#1508,#157,.F.);
#1225=EDGE_CURVE('',#1509,#1509,#158,.T.);
#1226=EDGE_CURVE('',#1510,#1510,#159,.T.);
#1227=EDGE_CURVE('',#1467,#1470,#160,.T.);
#1228=EDGE_CURVE('',#1466,#1469,#161,.T.);
#1229=EDGE_CURVE('',#1511,#1511,#162,.T.);
#1230=EDGE_CURVE('',#1512,#1512,#163,.F.);
#1231=EDGE_CURVE('',#1513,#1513,#164,.T.);
#1232=EDGE_CURVE('',#1514,#1514,#165,.F.);
#1233=EDGE_CURVE('',#1515,#1515,#166,.T.);
#1234=EDGE_CURVE('',#1516,#1516,#167,.T.);
#1235=EDGE_CURVE('',#1517,#1517,#168,.T.);
#1236=EDGE_CURVE('',#1518,#1518,#169,.F.);
#1237=EDGE_CURVE('',#1519,#1519,#170,.T.);
#1238=EDGE_CURVE('',#1520,#1520,#171,.T.);
#1239=EDGE_CURVE('',#1521,#1521,#172,.T.);
#1240=EDGE_CURVE('',#1522,#1522,#173,.F.);
#1241=EDGE_CURVE('',#1523,#1523,#174,.T.);
#1242=EDGE_CURVE('',#1524,#1524,#175,.T.);
#1243=EDGE_CURVE('',#1525,#1525,#176,.T.);
#1244=EDGE_CURVE('',#1526,#1526,#177,.F.);
#1245=EDGE_CURVE('',#1527,#1527,#178,.T.);
#1246=EDGE_CURVE('',#1528,#1528,#179,.T.);
#1247=EDGE_CURVE('',#1498,#1445,#180,.T.);
#1248=EDGE_CURVE('',#1499,#1373,#181,.T.);
#1249=EDGE_CURVE('',#1439,#1464,#1711,.F.);
#1250=EDGE_CURVE('',#1443,#1441,#182,.T.);
#1251=EDGE_CURVE('',#1401,#1384,#183,.T.);
#1252=EDGE_CURVE('',#1473,#1460,#184,.F.);
#1253=EDGE_CURVE('',#1529,#1529,#185,.T.);
#1254=EDGE_CURVE('',#1530,#1530,#186,.F.);
#1255=EDGE_CURVE('',#1471,#1444,#187,.T.);
#1256=EDGE_CURVE('',#1382,#1400,#188,.T.);
#1257=EDGE_CURVE('',#1461,#1478,#189,.F.);
#1258=EDGE_CURVE('',#1531,#1531,#190,.T.);
#1259=EDGE_CURVE('',#1532,#1532,#191,.F.);
#1260=EDGE_CURVE('',#1442,#1462,#192,.T.);
#1261=EDGE_CURVE('',#1383,#1362,#193,.T.);
#1262=EDGE_CURVE('',#1533,#1533,#194,.T.);
#1263=EDGE_CURVE('',#1534,#1534,#195,.F.);
#1264=EDGE_CURVE('',#1535,#1535,#196,.T.);
#1265=EDGE_CURVE('',#1536,#1536,#197,.T.);
#1266=EDGE_CURVE('',#1431,#1430,#72,.F.);
#1267=EDGE_CURVE('',#1451,#1537,#73,.T.);
#1268=EDGE_CURVE('',#1537,#1538,#1712,.T.);
#1269=EDGE_CURVE('',#1538,#1452,#74,.T.);
#1270=EDGE_CURVE('',#1449,#1539,#75,.T.);
#1271=EDGE_CURVE('',#1540,#1539,#1713,.T.);
#1272=EDGE_CURVE('',#1540,#1450,#76,.T.);
#1273=EDGE_CURVE('',#1537,#1541,#1714,.F.);
#1274=EDGE_CURVE('',#1541,#1542,#1715,.F.);
#1275=EDGE_CURVE('',#1542,#1538,#1716,.T.);
#1276=EDGE_CURVE('',#1539,#1543,#1717,.F.);
#1277=EDGE_CURVE('',#1543,#1544,#1718,.T.);
#1278=EDGE_CURVE('',#1544,#1540,#1719,.T.);
#1279=EDGE_CURVE('',#1537,#1392,#198,.T.);
#1280=EDGE_CURVE('',#1541,#1366,#93,.F.);
#1281=EDGE_CURVE('',#1395,#1538,#199,.T.);
#1282=EDGE_CURVE('',#1464,#1501,#200,.T.);
#1283=EDGE_CURVE('',#1369,#1439,#94,.F.);
#1284=EDGE_CURVE('',#1370,#1437,#77,.F.);
#1285=EDGE_CURVE('',#1542,#1365,#201,.T.);
#1286=EDGE_CURVE('',#1396,#1542,#202,.T.);
#1287=EDGE_CURVE('',#1364,#1372,#78,.T.);
#1288=EDGE_CURVE('',#1396,#1365,#203,.F.);
#1289=EDGE_CURVE('',#1397,#1371,#204,.T.);
#1290=EDGE_CURVE('',#1475,#1378,#205,.T.);
#1291=EDGE_CURVE('',#1545,#1377,#79,.F.);
#1292=EDGE_CURVE('',#1474,#1545,#206,.T.);
#1293=EDGE_CURVE('',#1545,#1546,#80,.T.);
#1294=EDGE_CURVE('',#1546,#1380,#81,.T.);
#1295=EDGE_CURVE('',#1472,#1546,#207,.T.);
#1296=EDGE_CURVE('',#1547,#1379,#82,.F.);
#1297=EDGE_CURVE('',#1473,#1547,#208,.T.);
#1298=EDGE_CURVE('',#1398,#1386,#83,.T.);
#1299=EDGE_CURVE('',#1547,#1548,#209,.T.);
#1300=EDGE_CURVE('',#1548,#1399,#84,.T.);
#1301=EDGE_CURVE('',#1460,#1548,#210,.T.);
#1302=EDGE_CURVE('',#1389,#1540,#211,.T.);
#1303=EDGE_CURVE('',#1549,#1385,#85,.F.);
#1304=EDGE_CURVE('',#1461,#1549,#212,.T.);
#1305=EDGE_CURVE('',#1358,#1544,#95,.T.);
#1306=EDGE_CURVE('',#1549,#1550,#213,.T.);
#1307=EDGE_CURVE('',#1550,#1361,#86,.T.);
#1308=EDGE_CURVE('',#1478,#1550,#214,.T.);
#1309=EDGE_CURVE('',#1360,#1543,#215,.T.);
#1310=EDGE_CURVE('',#1476,#1360,#216,.T.);
#1311=EDGE_CURVE('',#1476,#1543,#217,.F.);
#1312=EDGE_CURVE('',#1477,#1539,#218,.T.);
#1313=EDGE_CURVE('',#1352,#1353,#1720,.T.);
#1314=EDGE_CURVE('',#1356,#1551,#1721,.T.);
#1315=EDGE_CURVE('',#1551,#1552,#219,.T.);
#1316=EDGE_CURVE('',#1552,#1357,#1722,.T.);
#1317=EDGE_CURVE('',#1354,#1553,#1723,.T.);
#1318=EDGE_CURVE('',#1553,#1554,#220,.T.);
#1319=EDGE_CURVE('',#1554,#1355,#1724,.T.);
#1320=EDGE_CURVE('',#1553,#1337,#221,.T.);
#1321=EDGE_CURVE('',#1554,#1342,#222,.T.);
#1322=EDGE_CURVE('',#1551,#1328,#223,.T.);
#1323=EDGE_CURVE('',#1552,#1334,#224,.T.);
#1324=VERTEX_POINT('',#3593);
#1325=VERTEX_POINT('',#3594);
#1326=VERTEX_POINT('',#3596);
#1327=VERTEX_POINT('',#3598);
#1328=VERTEX_POINT('',#3600);
#1329=VERTEX_POINT('',#3602);
#1330=VERTEX_POINT('',#3606);
#1331=VERTEX_POINT('',#3607);
#1332=VERTEX_POINT('',#3609);
#1333=VERTEX_POINT('',#3611);
#1334=VERTEX_POINT('',#3613);
#1335=VERTEX_POINT('',#3615);
#1336=VERTEX_POINT('',#3617);
#1337=VERTEX_POINT('',#3619);
#1338=VERTEX_POINT('',#3623);
#1339=VERTEX_POINT('',#3624);
#1340=VERTEX_POINT('',#3626);
#1341=VERTEX_POINT('',#3628);
#1342=VERTEX_POINT('',#3630);
#1343=VERTEX_POINT('',#3632);
#1344=VERTEX_POINT('',#3636);
#1345=VERTEX_POINT('',#3638);
#1346=VERTEX_POINT('',#3642);
#1347=VERTEX_POINT('',#3644);
#1348=VERTEX_POINT('',#3646);
#1349=VERTEX_POINT('',#3648);
#1350=VERTEX_POINT('',#3650);
#1351=VERTEX_POINT('',#3652);
#1352=VERTEX_POINT('',#3659);
#1353=VERTEX_POINT('',#3663);
#1354=VERTEX_POINT('',#3667);
#1355=VERTEX_POINT('',#3671);
#1356=VERTEX_POINT('',#3675);
#1357=VERTEX_POINT('',#3679);
#1358=VERTEX_POINT('',#3683);
#1359=VERTEX_POINT('',#3684);
#1360=VERTEX_POINT('',#3686);
#1361=VERTEX_POINT('',#3688);
#1362=VERTEX_POINT('',#3690);
#1363=VERTEX_POINT('',#3692);
#1364=VERTEX_POINT('',#3696);
#1365=VERTEX_POINT('',#3697);
#1366=VERTEX_POINT('',#3699);
#1367=VERTEX_POINT('',#3701);
#1368=VERTEX_POINT('',#3703);
#1369=VERTEX_POINT('',#3705);
#1370=VERTEX_POINT('',#3707);
#1371=VERTEX_POINT('',#3711);
#1372=VERTEX_POINT('',#3712);
#1373=VERTEX_POINT('',#3714);
#1374=VERTEX_POINT('',#3716);
#1375=VERTEX_POINT('',#3718);
#1376=VERTEX_POINT('',#3720);
#1377=VERTEX_POINT('',#3722);
#1378=VERTEX_POINT('',#3724);
#1379=VERTEX_POINT('',#3728);
#1380=VERTEX_POINT('',#3729);
#1381=VERTEX_POINT('',#3731);
#1382=VERTEX_POINT('',#3733);
#1383=VERTEX_POINT('',#3737);
#1384=VERTEX_POINT('',#3738);
#1385=VERTEX_POINT('',#3740);
#1386=VERTEX_POINT('',#3742);
#1387=VERTEX_POINT('',#3746);
#1388=VERTEX_POINT('',#3747);
#1389=VERTEX_POINT('',#3752);
#1390=VERTEX_POINT('',#3755);
#1391=VERTEX_POINT('',#3757);
#1392=VERTEX_POINT('',#3760);
#1393=VERTEX_POINT('',#3767);
#1394=VERTEX_POINT('',#3768);
#1395=VERTEX_POINT('',#3773);
#1396=VERTEX_POINT('',#3775);
#1397=VERTEX_POINT('',#3777);
#1398=VERTEX_POINT('',#3781);
#1399=VERTEX_POINT('',#3782);
#1400=VERTEX_POINT('',#3784);
#1401=VERTEX_POINT('',#3786);
#1402=VERTEX_POINT('',#3790);
#1403=VERTEX_POINT('',#3792);
#1404=VERTEX_POINT('',#3794);
#1405=VERTEX_POINT('',#3796);
#1406=VERTEX_POINT('',#3798);
#1407=VERTEX_POINT('',#3799);
#1408=VERTEX_POINT('',#3801);
#1409=VERTEX_POINT('',#3803);
#1410=VERTEX_POINT('',#3805);
#1411=VERTEX_POINT('',#3807);
#1412=VERTEX_POINT('',#3809);
#1413=VERTEX_POINT('',#3811);
#1414=VERTEX_POINT('',#3813);
#1415=VERTEX_POINT('',#3816);
#1416=VERTEX_POINT('',#3818);
#1417=VERTEX_POINT('',#3820);
#1418=VERTEX_POINT('',#3822);
#1419=VERTEX_POINT('',#3824);
#1420=VERTEX_POINT('',#3826);
#1421=VERTEX_POINT('',#3828);
#1422=VERTEX_POINT('',#3830);
#1423=VERTEX_POINT('',#3832);
#1424=VERTEX_POINT('',#3834);
#1425=VERTEX_POINT('',#3836);
#1426=VERTEX_POINT('',#3838);
#1427=VERTEX_POINT('',#3840);
#1428=VERTEX_POINT('',#3842);
#1429=VERTEX_POINT('',#3844);
#1430=VERTEX_POINT('',#3846);
#1431=VERTEX_POINT('',#3848);
#1432=VERTEX_POINT('',#3850);
#1433=VERTEX_POINT('',#3852);
#1434=VERTEX_POINT('',#3855);
#1435=VERTEX_POINT('',#3857);
#1436=VERTEX_POINT('',#3860);
#1437=VERTEX_POINT('',#3863);
#1438=VERTEX_POINT('',#3864);
#1439=VERTEX_POINT('',#3866);
#1440=VERTEX_POINT('',#3868);
#1441=VERTEX_POINT('',#3872);
#1442=VERTEX_POINT('',#3881);
#1443=VERTEX_POINT('',#3888);
#1444=VERTEX_POINT('',#3891);
#1445=VERTEX_POINT('',#3898);
#1446=VERTEX_POINT('',#3906);
#1447=VERTEX_POINT('',#3912);
#1448=VERTEX_POINT('',#3913);
#1449=VERTEX_POINT('',#3918);
#1450=VERTEX_POINT('',#3920);
#1451=VERTEX_POINT('',#3929);
#1452=VERTEX_POINT('',#3931);
#1453=VERTEX_POINT('',#3937);
#1454=VERTEX_POINT('',#3939);
#1455=VERTEX_POINT('',#3941);
#1456=VERTEX_POINT('',#3943);
#1457=VERTEX_POINT('',#3945);
#1458=VERTEX_POINT('',#3947);
#1459=VERTEX_POINT('',#3955);
#1460=VERTEX_POINT('',#3958);
#1461=VERTEX_POINT('',#3960);
#1462=VERTEX_POINT('',#3964);
#1463=VERTEX_POINT('',#3969);
#1464=VERTEX_POINT('',#3973);
#1465=VERTEX_POINT('',#3979);
#1466=VERTEX_POINT('',#3980);
#1467=VERTEX_POINT('',#3989);
#1468=VERTEX_POINT('',#3993);
#1469=VERTEX_POINT('',#3994);
#1470=VERTEX_POINT('',#4003);
#1471=VERTEX_POINT('',#4012);
#1472=VERTEX_POINT('',#4016);
#1473=VERTEX_POINT('',#4018);
#1474=VERTEX_POINT('',#4022);
#1475=VERTEX_POINT('',#4026);
#1476=VERTEX_POINT('',#4032);
#1477=VERTEX_POINT('',#4033);
#1478=VERTEX_POINT('',#4039);
#1479=VERTEX_POINT('',#4043);
#1480=VERTEX_POINT('',#4045);
#1481=VERTEX_POINT('',#4054);
#1482=VERTEX_POINT('',#4058);
#1483=VERTEX_POINT('',#4062);
#1484=VERTEX_POINT('',#4066);
#1485=VERTEX_POINT('',#4070);
#1486=VERTEX_POINT('',#4074);
#1487=VERTEX_POINT('',#4078);
#1488=VERTEX_POINT('',#4082);
#1489=VERTEX_POINT('',#4089);
#1490=VERTEX_POINT('',#4090);
#1491=VERTEX_POINT('',#4093);
#1492=VERTEX_POINT('',#4097);
#1493=VERTEX_POINT('',#4101);
#1494=VERTEX_POINT('',#4105);
#1495=VERTEX_POINT('',#4109);
#1496=VERTEX_POINT('',#4113);
#1497=VERTEX_POINT('',#4117);
#1498=VERTEX_POINT('',#4124);
#1499=VERTEX_POINT('',#4126);
#1500=VERTEX_POINT('',#4128);
#1501=VERTEX_POINT('',#4132);
#1502=VERTEX_POINT('',#4141);
#1503=VERTEX_POINT('',#4143);
#1504=VERTEX_POINT('',#4146);
#1505=VERTEX_POINT('',#4148);
#1506=VERTEX_POINT('',#4149);
#1507=VERTEX_POINT('',#4162);
#1508=VERTEX_POINT('',#4164);
#1509=VERTEX_POINT('',#4167);
#1510=VERTEX_POINT('',#4169);
#1511=VERTEX_POINT('',#4176);
#1512=VERTEX_POINT('',#4178);
#1513=VERTEX_POINT('',#4182);
#1514=VERTEX_POINT('',#4184);
#1515=VERTEX_POINT('',#4187);
#1516=VERTEX_POINT('',#4189);
#1517=VERTEX_POINT('',#4193);
#1518=VERTEX_POINT('',#4195);
#1519=VERTEX_POINT('',#4198);
#1520=VERTEX_POINT('',#4200);
#1521=VERTEX_POINT('',#4204);
#1522=VERTEX_POINT('',#4206);
#1523=VERTEX_POINT('',#4209);
#1524=VERTEX_POINT('',#4211);
#1525=VERTEX_POINT('',#4215);
#1526=VERTEX_POINT('',#4217);
#1527=VERTEX_POINT('',#4220);
#1528=VERTEX_POINT('',#4222);
#1529=VERTEX_POINT('',#4236);
#1530=VERTEX_POINT('',#4238);
#1531=VERTEX_POINT('',#4246);
#1532=VERTEX_POINT('',#4248);
#1533=VERTEX_POINT('',#4256);
#1534=VERTEX_POINT('',#4258);
#1535=VERTEX_POINT('',#4261);
#1536=VERTEX_POINT('',#4263);
#1537=VERTEX_POINT('',#4286);
#1538=VERTEX_POINT('',#4288);
#1539=VERTEX_POINT('',#4298);
#1540=VERTEX_POINT('',#4300);
#1541=VERTEX_POINT('',#4307);
#1542=VERTEX_POINT('',#4309);
#1543=VERTEX_POINT('',#4313);
#1544=VERTEX_POINT('',#4315);
#1545=VERTEX_POINT('',#4375);
#1546=VERTEX_POINT('',#4383);
#1547=VERTEX_POINT('',#4395);
#1548=VERTEX_POINT('',#4405);
#1549=VERTEX_POINT('',#4430);
#1550=VERTEX_POINT('',#4436);
#1551=VERTEX_POINT('',#4474);
#1552=VERTEX_POINT('',#4476);
#1553=VERTEX_POINT('',#4479);
#1554=VERTEX_POINT('',#4481);
#1555=LINE('',#3592,#1725);
#1556=LINE('',#3595,#1726);
#1557=LINE('',#3597,#1727);
#1558=LINE('',#3599,#1728);
#1559=LINE('',#3601,#1729);
#1560=LINE('',#3603,#1730);
#1561=LINE('',#3605,#1731);
#1562=LINE('',#3608,#1732);
#1563=LINE('',#3610,#1733);
#1564=LINE('',#3612,#1734);
#1565=LINE('',#3614,#1735);
#1566=LINE('',#3616,#1736);
#1567=LINE('',#3618,#1737);
#1568=LINE('',#3620,#1738);
#1569=LINE('',#3622,#1739);
#1570=LINE('',#3625,#1740);
#1571=LINE('',#3627,#1741);
#1572=LINE('',#3629,#1742);
#1573=LINE('',#3631,#1743);
#1574=LINE('',#3633,#1744);
#1575=LINE('',#3639,#1745);
#1576=LINE('',#3641,#1746);
#1577=LINE('',#3643,#1747);
#1578=LINE('',#3645,#1748);
#1579=LINE('',#3647,#1749);
#1580=LINE('',#3649,#1750);
#1581=LINE('',#3651,#1751);
#1582=LINE('',#3653,#1752);
#1583=LINE('',#3682,#1753);
#1584=LINE('',#3685,#1754);
#1585=LINE('',#3687,#1755);
#1586=LINE('',#3691,#1756);
#1587=LINE('',#3693,#1757);
#1588=LINE('',#3695,#1758);
#1589=LINE('',#3698,#1759);
#1590=LINE('',#3700,#1760);
#1591=LINE('',#3702,#1761);
#1592=LINE('',#3704,#1762);
#1593=LINE('',#3706,#1763);
#1594=LINE('',#3710,#1764);
#1595=LINE('',#3715,#1765);
#1596=LINE('',#3719,#1766);
#1597=LINE('',#3723,#1767);
#1598=LINE('',#3727,#1768);
#1599=LINE('',#3732,#1769);
#1600=LINE('',#3736,#1770);
#1601=LINE('',#3741,#1771);
#1602=LINE('',#3745,#1772);
#1603=LINE('',#3753,#1773);
#1604=LINE('',#3754,#1774);
#1605=LINE('',#3756,#1775);
#1606=LINE('',#3758,#1776);
#1607=LINE('',#3759,#1777);
#1608=LINE('',#3766,#1778);
#1609=LINE('',#3774,#1779);
#1610=LINE('',#3776,#1780);
#1611=LINE('',#3778,#1781);
#1612=LINE('',#3780,#1782);
#1613=LINE('',#3785,#1783);
#1614=LINE('',#3797,#1784);
#1615=LINE('',#3802,#1785);
#1616=LINE('',#3804,#1786);
#1617=LINE('',#3806,#1787);
#1618=LINE('',#3808,#1788);
#1619=LINE('',#3810,#1789);
#1620=LINE('',#3812,#1790);
#1621=LINE('',#3814,#1791);
#1622=LINE('',#3815,#1792);
#1623=LINE('',#3817,#1793);
#1624=LINE('',#3819,#1794);
#1625=LINE('',#3821,#1795);
#1626=LINE('',#3823,#1796);
#1627=LINE('',#3825,#1797);
#1628=LINE('',#3827,#1798);
#1629=LINE('',#3829,#1799);
#1630=LINE('',#3831,#1800);
#1631=LINE('',#3835,#1801);
#1632=LINE('',#3839,#1802);
#1633=LINE('',#3843,#1803);
#1634=LINE('',#3851,#1804);
#1635=LINE('',#3862,#1805);
#1636=LINE('',#3865,#1806);
#1637=LINE('',#3867,#1807);
#1638=LINE('',#3869,#1808);
#1639=LINE('',#3871,#1809);
#1640=LINE('',#3882,#1810);
#1641=LINE('',#3889,#1811);
#1642=LINE('',#3890,#1812);
#1643=LINE('',#3897,#1813);
#1644=LINE('',#3903,#1814);
#1645=LINE('',#3905,#1815);
#1646=LINE('',#3911,#1816);
#1647=LINE('',#3919,#1817);
#1648=LINE('',#3930,#1818);
#1649=LINE('',#3938,#1819);
#1650=LINE('',#3942,#1820);
#1651=LINE('',#3946,#1821);
#1652=LINE('',#3957,#1822);
#1653=LINE('',#3959,#1823);
#1654=LINE('',#3961,#1824);
#1655=LINE('',#3963,#1825);
#1656=LINE('',#3970,#1826);
#1657=LINE('',#3972,#1827);
#1658=LINE('',#3976,#1828);
#1659=LINE('',#3978,#1829);
#1660=LINE('',#3990,#1830);
#1661=LINE('',#3992,#1831);
#1662=LINE('',#4002,#1832);
#1663=LINE('',#4013,#1833);
#1664=LINE('',#4015,#1834);
#1665=LINE('',#4017,#1835);
#1666=LINE('',#4019,#1836);
#1667=LINE('',#4021,#1837);
#1668=LINE('',#4025,#1838);
#1669=LINE('',#4027,#1839);
#1670=LINE('',#4031,#1840);
#1671=LINE('',#4038,#1841);
#1672=LINE('',#4040,#1842);
#1673=LINE('',#4042,#1843);
#1674=LINE('',#4044,#1844);
#1675=LINE('',#4046,#1845);
#1676=LINE('',#4053,#1846);
#1677=LINE('',#4055,#1847);
#1678=LINE('',#4057,#1848);
#1679=LINE('',#4059,#1849);
#1680=LINE('',#4061,#1850);
#1681=LINE('',#4063,#1851);
#1682=LINE('',#4065,#1852);
#1683=LINE('',#4067,#1853);
#1684=LINE('',#4069,#1854);
#1685=LINE('',#4071,#1855);
#1686=LINE('',#4073,#1856);
#1687=LINE('',#4075,#1857);
#1688=LINE('',#4077,#1858);
#1689=LINE('',#4079,#1859);
#1690=LINE('',#4081,#1860);
#1691=LINE('',#4083,#1861);
#1692=LINE('',#4085,#1862);
#1693=LINE('',#4088,#1863);
#1694=LINE('',#4092,#1864);
#1695=LINE('',#4094,#1865);
#1696=LINE('',#4096,#1866);
#1697=LINE('',#4098,#1867);
#1698=LINE('',#4100,#1868);
#1699=LINE('',#4102,#1869);
#1700=LINE('',#4104,#1870);
#1701=LINE('',#4106,#1871);
#1702=LINE('',#4108,#1872);
#1703=LINE('',#4110,#1873);
#1704=LINE('',#4112,#1874);
#1705=LINE('',#4114,#1875);
#1706=LINE('',#4116,#1876);
#1707=LINE('',#4118,#1877);
#1708=LINE('',#4125,#1878);
#1709=LINE('',#4127,#1879);
#1710=LINE('',#4129,#1880);
#1711=LINE('',#4228,#1881);
#1712=LINE('',#4287,#1882);
#1713=LINE('',#4299,#1883);
#1714=LINE('',#4306,#1884);
#1715=LINE('',#4308,#1885);
#1716=LINE('',#4310,#1886);
#1717=LINE('',#4312,#1887);
#1718=LINE('',#4314,#1888);
#1719=LINE('',#4316,#1889);
#1720=LINE('',#4472,#1890);
#1721=LINE('',#4473,#1891);
#1722=LINE('',#4477,#1892);
#1723=LINE('',#4478,#1893);
#1724=LINE('',#4482,#1894);
#1725=VECTOR('',#2834,1.);
#1726=VECTOR('',#2835,1.);
#1727=VECTOR('',#2836,1.);
#1728=VECTOR('',#2837,1.);
#1729=VECTOR('',#2838,1.);
#1730=VECTOR('',#2839,1.);
#1731=VECTOR('',#2842,1.);
#1732=VECTOR('',#2843,1.);
#1733=VECTOR('',#2844,1.);
#1734=VECTOR('',#2845,1.);
#1735=VECTOR('',#2846,1.);
#1736=VECTOR('',#2847,1.);
#1737=VECTOR('',#2848,1.);
#1738=VECTOR('',#2849,1.);
#1739=VECTOR('',#2852,1.);
#1740=VECTOR('',#2853,1.);
#1741=VECTOR('',#2854,1.);
#1742=VECTOR('',#2855,1.);
#1743=VECTOR('',#2856,1.);
#1744=VECTOR('',#2857,1.);
#1745=VECTOR('',#2864,1.);
#1746=VECTOR('',#2867,1.);
#1747=VECTOR('',#2868,1.);
#1748=VECTOR('',#2869,1.);
#1749=VECTOR('',#2870,1.);
#1750=VECTOR('',#2871,1.);
#1751=VECTOR('',#2872,1.);
#1752=VECTOR('',#2873,1.);
#1753=VECTOR('',#2918,1.);
#1754=VECTOR('',#2919,1.);
#1755=VECTOR('',#2920,1.);
#1756=VECTOR('',#2923,1.);
#1757=VECTOR('',#2924,1.);
#1758=VECTOR('',#2927,1.);
#1759=VECTOR('',#2928,1.);
#1760=VECTOR('',#2929,1.);
#1761=VECTOR('',#2930,1.);
#1762=VECTOR('',#2931,1.);
#1763=VECTOR('',#2932,1.);
#1764=VECTOR('',#2937,1.);
#1765=VECTOR('',#2940,1.);
#1766=VECTOR('',#2943,1.);
#1767=VECTOR('',#2946,1.);
#1768=VECTOR('',#2951,1.);
#1769=VECTOR('',#2954,1.);
#1770=VECTOR('',#2959,1.);
#1771=VECTOR('',#2962,1.);
#1772=VECTOR('',#2967,1.);
#1773=VECTOR('',#2968,1.);
#1774=VECTOR('',#2969,1.);
#1775=VECTOR('',#2970,1.);
#1776=VECTOR('',#2971,1.);
#1777=VECTOR('',#2972,1.);
#1778=VECTOR('',#2975,1.);
#1779=VECTOR('',#2976,1.);
#1780=VECTOR('',#2977,1.);
#1781=VECTOR('',#2978,1.);
#1782=VECTOR('',#2981,1.);
#1783=VECTOR('',#2984,1.);
#1784=VECTOR('',#2997,1.);
#1785=VECTOR('',#3000,1.);
#1786=VECTOR('',#3001,1.);
#1787=VECTOR('',#3002,1.);
#1788=VECTOR('',#3003,1.);
#1789=VECTOR('',#3004,1.);
#1790=VECTOR('',#3005,1.);
#1791=VECTOR('',#3006,1.);
#1792=VECTOR('',#3007,1.);
#1793=VECTOR('',#3008,1.);
#1794=VECTOR('',#3009,1.);
#1795=VECTOR('',#3010,1.);
#1796=VECTOR('',#3011,1.);
#1797=VECTOR('',#3012,1.);
#1798=VECTOR('',#3013,1.);
#1799=VECTOR('',#3014,1.);
#1800=VECTOR('',#3015,1.);
#1801=VECTOR('',#3018,1.);
#1802=VECTOR('',#3021,1.);
#1803=VECTOR('',#3024,1.);
#1804=VECTOR('',#3031,1.);
#1805=VECTOR('',#3044,1.);
#1806=VECTOR('',#3045,1.);
#1807=VECTOR('',#3046,1.);
#1808=VECTOR('',#3047,1.);
#1809=VECTOR('',#3050,1.);
#1810=VECTOR('',#3051,1.);
#1811=VECTOR('',#3054,1.);
#1812=VECTOR('',#3055,1.);
#1813=VECTOR('',#3058,1.);
#1814=VECTOR('',#3059,1.);
#1815=VECTOR('',#3062,1.);
#1816=VECTOR('',#3071,1.);
#1817=VECTOR('',#3072,1.);
#1818=VECTOR('',#3073,1.);
#1819=VECTOR('',#3076,1.);
#1820=VECTOR('',#3079,1.);
#1821=VECTOR('',#3082,1.);
#1822=VECTOR('',#3099,1.);
#1823=VECTOR('',#3100,1.);
#1824=VECTOR('',#3101,1.);
#1825=VECTOR('',#3104,1.);
#1826=VECTOR('',#3105,1.);
#1827=VECTOR('',#3108,1.);
#1828=VECTOR('',#3113,1.);
#1829=VECTOR('',#3116,1.);
#1830=VECTOR('',#3117,1.);
#1831=VECTOR('',#3120,1.);
#1832=VECTOR('',#3127,1.);
#1833=VECTOR('',#3128,1.);
#1834=VECTOR('',#3131,1.);
#1835=VECTOR('',#3132,1.);
#1836=VECTOR('',#3133,1.);
#1837=VECTOR('',#3136,1.);
#1838=VECTOR('',#3141,1.);
#1839=VECTOR('',#3142,1.);
#1840=VECTOR('',#3149,1.);
#1841=VECTOR('',#3150,1.);
#1842=VECTOR('',#3151,1.);
#1843=VECTOR('',#3154,1.);
#1844=VECTOR('',#3155,1.);
#1845=VECTOR('',#3156,1.);
#1846=VECTOR('',#3159,1.);
#1847=VECTOR('',#3160,1.);
#1848=VECTOR('',#3163,1.);
#1849=VECTOR('',#3164,1.);
#1850=VECTOR('',#3167,1.);
#1851=VECTOR('',#3168,1.);
#1852=VECTOR('',#3171,1.);
#1853=VECTOR('',#3172,1.);
#1854=VECTOR('',#3175,1.);
#1855=VECTOR('',#3176,1.);
#1856=VECTOR('',#3179,1.);
#1857=VECTOR('',#3180,1.);
#1858=VECTOR('',#3183,1.);
#1859=VECTOR('',#3184,1.);
#1860=VECTOR('',#3187,1.);
#1861=VECTOR('',#3188,1.);
#1862=VECTOR('',#3191,1.);
#1863=VECTOR('',#3196,1.);
#1864=VECTOR('',#3199,1.);
#1865=VECTOR('',#3200,1.);
#1866=VECTOR('',#3203,1.);
#1867=VECTOR('',#3204,1.);
#1868=VECTOR('',#3207,1.);
#1869=VECTOR('',#3208,1.);
#1870=VECTOR('',#3211,1.);
#1871=VECTOR('',#3212,1.);
#1872=VECTOR('',#3215,1.);
#1873=VECTOR('',#3216,1.);
#1874=VECTOR('',#3219,1.);
#1875=VECTOR('',#3220,1.);
#1876=VECTOR('',#3223,1.);
#1877=VECTOR('',#3224,1.);
#1878=VECTOR('',#3227,1.);
#1879=VECTOR('',#3228,1.);
#1880=VECTOR('',#3229,1.);
#1881=VECTOR('',#3348,1.);
#1882=VECTOR('',#3431,1.);
#1883=VECTOR('',#3434,1.);
#1884=VECTOR('',#3437,1.);
#1885=VECTOR('',#3438,1.);
#1886=VECTOR('',#3439,1.);
#1887=VECTOR('',#3442,1.);
#1888=VECTOR('',#3443,1.);
#1889=VECTOR('',#3444,1.);
#1890=VECTOR('',#3559,1.);
#1891=VECTOR('',#3560,1.);
#1892=VECTOR('',#3563,1.);
#1893=VECTOR('',#3564,1.);
#1894=VECTOR('',#3567,1.);
#1895=EDGE_LOOP('',(#286,#287,#288,#289,#290,#291));
#1896=EDGE_LOOP('',(#292,#293,#294,#295,#296,#297,#298,#299));
#1897=EDGE_LOOP('',(#300,#301,#302,#303,#304,#305));
#1898=EDGE_LOOP('',(#306,#307,#308,#309));
#1899=EDGE_LOOP('',(#310,#311,#312,#313,#314,#315,#316,#317));
#1900=EDGE_LOOP('',(#318,#319,#320,#321));
#1901=EDGE_LOOP('',(#322,#323,#324));
#1902=EDGE_LOOP('',(#325,#326,#327));
#1903=EDGE_LOOP('',(#328,#329,#330));
#1904=EDGE_LOOP('',(#331,#332,#333));
#1905=EDGE_LOOP('',(#334,#335,#336));
#1906=EDGE_LOOP('',(#337,#338,#339));
#1907=EDGE_LOOP('',(#340,#341,#342,#343,#344,#345));
#1908=EDGE_LOOP('',(#346,#347,#348,#349,#350,#351,#352));
#1909=EDGE_LOOP('',(#353,#354,#355,#356,#357,#358,#359,#360));
#1910=EDGE_LOOP('',(#361,#362,#363,#364));
#1911=EDGE_LOOP('',(#365,#366,#367,#368));
#1912=EDGE_LOOP('',(#369,#370,#371,#372,#373,#374,#375,#376,#377,#378));
#1913=EDGE_LOOP('',(#379,#380,#381,#382,#383));
#1914=EDGE_LOOP('',(#384,#385,#386,#387));
#1915=EDGE_LOOP('',(#388));
#1916=EDGE_LOOP('',(#389));
#1917=EDGE_LOOP('',(#390));
#1918=EDGE_LOOP('',(#391));
#1919=EDGE_LOOP('',(#392,#393,#394,#395,#396,#397,#398,#399,#400,#401,#402,
#403,#404,#405,#406,#407,#408,#409,#410,#411,#412,#413,#414,#415,#416,#417,
#418,#419,#420,#421));
#1920=EDGE_LOOP('',(#422));
#1921=EDGE_LOOP('',(#423));
#1922=EDGE_LOOP('',(#424));
#1923=EDGE_LOOP('',(#425,#426,#427,#428));
#1924=EDGE_LOOP('',(#429,#430,#431,#432,#433,#434));
#1925=EDGE_LOOP('',(#435,#436,#437,#438,#439,#440));
#1926=EDGE_LOOP('',(#441,#442,#443,#444,#445));
#1927=EDGE_LOOP('',(#446,#447,#448));
#1928=EDGE_LOOP('',(#449,#450,#451,#452,#453,#454,#455,#456));
#1929=EDGE_LOOP('',(#457,#458,#459,#460,#461,#462,#463,#464,#465,#466,#467,
#468,#469,#470,#471,#472));
#1930=EDGE_LOOP('',(#473,#474,#475,#476));
#1931=EDGE_LOOP('',(#477,#478,#479,#480));
#1932=EDGE_LOOP('',(#481));
#1933=EDGE_LOOP('',(#482));
#1934=EDGE_LOOP('',(#483,#484,#485,#486));
#1935=EDGE_LOOP('',(#487,#488,#489,#490));
#1936=EDGE_LOOP('',(#491,#492,#493,#494));
#1937=EDGE_LOOP('',(#495,#496,#497,#498));
#1938=EDGE_LOOP('',(#499,#500,#501,#502,#503,#504,#505));
#1939=EDGE_LOOP('',(#506,#507,#508,#509));
#1940=EDGE_LOOP('',(#510,#511,#512,#513,#514,#515,#516,#517));
#1941=EDGE_LOOP('',(#518,#519,#520,#521));
#1942=EDGE_LOOP('',(#522,#523,#524,#525));
#1943=EDGE_LOOP('',(#526,#527,#528,#529));
#1944=EDGE_LOOP('',(#530,#531,#532,#533));
#1945=EDGE_LOOP('',(#534,#535,#536,#537,#538));
#1946=EDGE_LOOP('',(#539,#540,#541,#542));
#1947=EDGE_LOOP('',(#543,#544,#545,#546,#547,#548));
#1948=EDGE_LOOP('',(#549,#550,#551,#552));
#1949=EDGE_LOOP('',(#553,#554,#555,#556));
#1950=EDGE_LOOP('',(#557,#558,#559,#560));
#1951=EDGE_LOOP('',(#561,#562,#563,#564));
#1952=EDGE_LOOP('',(#565,#566,#567,#568));
#1953=EDGE_LOOP('',(#569,#570,#571,#572));
#1954=EDGE_LOOP('',(#573,#574,#575,#576));
#1955=EDGE_LOOP('',(#577,#578,#579,#580,#581));
#1956=EDGE_LOOP('',(#582,#583,#584,#585,#586,#587,#588,#589,#590,#591));
#1957=EDGE_LOOP('',(#592,#593,#594,#595,#596));
#1958=EDGE_LOOP('',(#597,#598,#599,#600,#601));
#1959=EDGE_LOOP('',(#602,#603,#604,#605));
#1960=EDGE_LOOP('',(#606,#607,#608,#609));
#1961=EDGE_LOOP('',(#610,#611,#612,#613));
#1962=EDGE_LOOP('',(#614,#615,#616,#617));
#1963=EDGE_LOOP('',(#618,#619,#620,#621));
#1964=EDGE_LOOP('',(#622,#623,#624,#625,#626,#627));
#1965=EDGE_LOOP('',(#628,#629,#630,#631,#632));
#1966=EDGE_LOOP('',(#633,#634,#635,#636,#637,#638,#639,#640,#641));
#1967=EDGE_LOOP('',(#642));
#1968=EDGE_LOOP('',(#643));
#1969=EDGE_LOOP('',(#644));
#1970=EDGE_LOOP('',(#645,#646));
#1971=EDGE_LOOP('',(#647,#648));
#1972=EDGE_LOOP('',(#649));
#1973=EDGE_LOOP('',(#650));
#1974=EDGE_LOOP('',(#651));
#1975=EDGE_LOOP('',(#652));
#1976=EDGE_LOOP('',(#653));
#1977=EDGE_LOOP('',(#654));
#1978=EDGE_LOOP('',(#655,#656,#657,#658));
#1979=EDGE_LOOP('',(#659));
#1980=EDGE_LOOP('',(#660));
#1981=EDGE_LOOP('',(#661));
#1982=EDGE_LOOP('',(#662));
#1983=EDGE_LOOP('',(#663));
#1984=EDGE_LOOP('',(#664));
#1985=EDGE_LOOP('',(#665));
#1986=EDGE_LOOP('',(#666));
#1987=EDGE_LOOP('',(#667));
#1988=EDGE_LOOP('',(#668));
#1989=EDGE_LOOP('',(#669));
#1990=EDGE_LOOP('',(#670));
#1991=EDGE_LOOP('',(#671));
#1992=EDGE_LOOP('',(#672));
#1993=EDGE_LOOP('',(#673));
#1994=EDGE_LOOP('',(#674));
#1995=EDGE_LOOP('',(#675));
#1996=EDGE_LOOP('',(#676));
#1997=EDGE_LOOP('',(#677));
#1998=EDGE_LOOP('',(#678));
#1999=EDGE_LOOP('',(#679));
#2000=EDGE_LOOP('',(#680));
#2001=EDGE_LOOP('',(#681));
#2002=EDGE_LOOP('',(#682,#683,#684,#685));
#2003=EDGE_LOOP('',(#686,#687,#688,#689));
#2004=EDGE_LOOP('',(#690,#691,#692,#693));
#2005=EDGE_LOOP('',(#694,#695,#696,#697));
#2006=EDGE_LOOP('',(#698));
#2007=EDGE_LOOP('',(#699));
#2008=EDGE_LOOP('',(#700,#701,#702,#703));
#2009=EDGE_LOOP('',(#704,#705,#706,#707));
#2010=EDGE_LOOP('',(#708));
#2011=EDGE_LOOP('',(#709));
#2012=EDGE_LOOP('',(#710,#711,#712,#713));
#2013=EDGE_LOOP('',(#714));
#2014=EDGE_LOOP('',(#715));
#2015=EDGE_LOOP('',(#716));
#2016=EDGE_LOOP('',(#717));
#2017=EDGE_LOOP('',(#718));
#2018=EDGE_LOOP('',(#719));
#2019=EDGE_LOOP('',(#720));
#2020=EDGE_LOOP('',(#721));
#2021=EDGE_LOOP('',(#722));
#2022=EDGE_LOOP('',(#723,#724,#725,#726));
#2023=EDGE_LOOP('',(#727,#728,#729,#730));
#2024=EDGE_LOOP('',(#731,#732,#733,#734,#735));
#2025=EDGE_LOOP('',(#736,#737,#738,#739));
#2026=EDGE_LOOP('',(#740));
#2027=EDGE_LOOP('',(#741));
#2028=EDGE_LOOP('',(#742));
#2029=EDGE_LOOP('',(#743,#744));
#2030=EDGE_LOOP('',(#745,#746,#747,#748,#749,#750));
#2031=EDGE_LOOP('',(#751));
#2032=EDGE_LOOP('',(#752));
#2033=EDGE_LOOP('',(#753));
#2034=EDGE_LOOP('',(#754));
#2035=EDGE_LOOP('',(#755));
#2036=EDGE_LOOP('',(#756));
#2037=EDGE_LOOP('',(#757));
#2038=EDGE_LOOP('',(#758));
#2039=EDGE_LOOP('',(#759,#760,#761,#762));
#2040=EDGE_LOOP('',(#763,#764,#765,#766));
#2041=EDGE_LOOP('',(#767,#768,#769,#770));
#2042=EDGE_LOOP('',(#771,#772,#773,#774));
#2043=EDGE_LOOP('',(#775,#776,#777,#778));
#2044=EDGE_LOOP('',(#779,#780,#781,#782));
#2045=EDGE_LOOP('',(#783,#784,#785,#786));
#2046=EDGE_LOOP('',(#787,#788,#789,#790,#791,#792));
#2047=EDGE_LOOP('',(#793,#794,#795,#796));
#2048=EDGE_LOOP('',(#797,#798,#799,#800));
#2049=EDGE_LOOP('',(#801,#802,#803,#804));
#2050=EDGE_LOOP('',(#805,#806,#807,#808,#809,#810,#811,#812));
#2051=EDGE_LOOP('',(#813,#814,#815));
#2052=EDGE_LOOP('',(#816,#817,#818,#819,#820,#821));
#2053=EDGE_LOOP('',(#822,#823,#824,#825));
#2054=EDGE_LOOP('',(#826,#827,#828,#829,#830));
#2055=EDGE_LOOP('',(#831,#832,#833,#834,#835,#836,#837,#838));
#2056=EDGE_LOOP('',(#839,#840,#841,#842));
#2057=EDGE_LOOP('',(#843,#844,#845,#846,#847,#848));
#2058=EDGE_LOOP('',(#849));
#2059=EDGE_LOOP('',(#850,#851,#852,#853));
#2060=EDGE_LOOP('',(#854));
#2061=EDGE_LOOP('',(#855,#856,#857,#858,#859,#860));
#2062=EDGE_LOOP('',(#861,#862,#863,#864));
#2063=EDGE_LOOP('',(#865,#866,#867,#868));
#2064=EDGE_LOOP('',(#869,#870,#871,#872,#873,#874,#875,#876));
#2065=EDGE_LOOP('',(#877,#878,#879,#880));
#2066=EDGE_LOOP('',(#881));
#2067=EDGE_LOOP('',(#882,#883,#884,#885,#886,#887));
#2068=EDGE_LOOP('',(#888,#889,#890,#891));
#2069=EDGE_LOOP('',(#892,#893,#894,#895));
#2070=EDGE_LOOP('',(#896,#897,#898,#899,#900));
#2071=EDGE_LOOP('',(#901,#902,#903));
#2072=EDGE_LOOP('',(#904,#905,#906,#907));
#2073=EDGE_LOOP('',(#908,#909,#910,#911));
#2074=EDGE_LOOP('',(#912));
#2075=EDGE_LOOP('',(#913));
#2076=EDGE_LOOP('',(#914));
#2077=EDGE_LOOP('',(#915));
#2078=EDGE_LOOP('',(#916,#917));
#2079=EDGE_LOOP('',(#918));
#2080=EDGE_LOOP('',(#919));
#2081=EDGE_LOOP('',(#920));
#2082=EDGE_LOOP('',(#921));
#2083=EDGE_LOOP('',(#922));
#2084=EDGE_LOOP('',(#923));
#2085=EDGE_LOOP('',(#924));
#2086=EDGE_LOOP('',(#925));
#2087=EDGE_LOOP('',(#926));
#2088=EDGE_LOOP('',(#927,#928));
#2089=EDGE_LOOP('',(#929));
#2090=EDGE_LOOP('',(#930,#931,#932,#933,#934,#935,#936,#937,#938,#939,#940,
#941,#942,#943,#944,#945,#946,#947,#948,#949));
#2091=EDGE_LOOP('',(#950,#951,#952,#953));
#2092=EDGE_LOOP('',(#954,#955,#956,#957));
#2093=EDGE_LOOP('',(#958,#959,#960,#961));
#2094=EDGE_LOOP('',(#962,#963,#964,#965));
#2095=EDGE_LOOP('',(#966,#967,#968,#969));
#2096=EDGE_LOOP('',(#970,#971,#972,#973));
#2097=EDGE_LOOP('',(#974,#975,#976,#977));
#2098=FACE_BOUND('',#1895,.T.);
#2099=FACE_BOUND('',#1896,.T.);
#2100=FACE_BOUND('',#1897,.T.);
#2101=FACE_BOUND('',#1898,.T.);
#2102=FACE_BOUND('',#1899,.T.);
#2103=FACE_BOUND('',#1900,.T.);
#2104=FACE_BOUND('',#1901,.T.);
#2105=FACE_BOUND('',#1902,.T.);
#2106=FACE_BOUND('',#1903,.T.);
#2107=FACE_BOUND('',#1904,.T.);
#2108=FACE_BOUND('',#1905,.T.);
#2109=FACE_BOUND('',#1906,.T.);
#2110=FACE_BOUND('',#1907,.T.);
#2111=FACE_BOUND('',#1908,.T.);
#2112=FACE_BOUND('',#1909,.T.);
#2113=FACE_BOUND('',#1910,.T.);
#2114=FACE_BOUND('',#1911,.T.);
#2115=FACE_BOUND('',#1912,.T.);
#2116=FACE_BOUND('',#1913,.T.);
#2117=FACE_BOUND('',#1914,.T.);
#2118=FACE_BOUND('',#1915,.T.);
#2119=FACE_BOUND('',#1916,.T.);
#2120=FACE_BOUND('',#1917,.T.);
#2121=FACE_BOUND('',#1918,.T.);
#2122=FACE_BOUND('',#1919,.T.);
#2123=FACE_BOUND('',#1920,.T.);
#2124=FACE_BOUND('',#1921,.T.);
#2125=FACE_BOUND('',#1922,.T.);
#2126=FACE_BOUND('',#1923,.T.);
#2127=FACE_BOUND('',#1924,.T.);
#2128=FACE_BOUND('',#1925,.T.);
#2129=FACE_BOUND('',#1926,.T.);
#2130=FACE_BOUND('',#1927,.T.);
#2131=FACE_BOUND('',#1928,.T.);
#2132=FACE_BOUND('',#1929,.T.);
#2133=FACE_BOUND('',#1930,.T.);
#2134=FACE_BOUND('',#1931,.T.);
#2135=FACE_BOUND('',#1932,.T.);
#2136=FACE_BOUND('',#1933,.T.);
#2137=FACE_BOUND('',#1934,.T.);
#2138=FACE_BOUND('',#1935,.T.);
#2139=FACE_BOUND('',#1936,.T.);
#2140=FACE_BOUND('',#1937,.T.);
#2141=FACE_BOUND('',#1938,.T.);
#2142=FACE_BOUND('',#1939,.T.);
#2143=FACE_BOUND('',#1940,.T.);
#2144=FACE_BOUND('',#1941,.T.);
#2145=FACE_BOUND('',#1942,.T.);
#2146=FACE_BOUND('',#1943,.T.);
#2147=FACE_BOUND('',#1944,.T.);
#2148=FACE_BOUND('',#1945,.T.);
#2149=FACE_BOUND('',#1946,.T.);
#2150=FACE_BOUND('',#1947,.T.);
#2151=FACE_BOUND('',#1948,.T.);
#2152=FACE_BOUND('',#1949,.T.);
#2153=FACE_BOUND('',#1950,.T.);
#2154=FACE_BOUND('',#1951,.T.);
#2155=FACE_BOUND('',#1952,.T.);
#2156=FACE_BOUND('',#1953,.T.);
#2157=FACE_BOUND('',#1954,.T.);
#2158=FACE_BOUND('',#1955,.T.);
#2159=FACE_BOUND('',#1956,.T.);
#2160=FACE_BOUND('',#1957,.T.);
#2161=FACE_BOUND('',#1958,.T.);
#2162=FACE_BOUND('',#1959,.T.);
#2163=FACE_BOUND('',#1960,.T.);
#2164=FACE_BOUND('',#1961,.T.);
#2165=FACE_BOUND('',#1962,.T.);
#2166=FACE_BOUND('',#1963,.T.);
#2167=FACE_BOUND('',#1964,.T.);
#2168=FACE_BOUND('',#1965,.T.);
#2169=FACE_BOUND('',#1966,.T.);
#2170=FACE_BOUND('',#1967,.T.);
#2171=FACE_BOUND('',#1968,.T.);
#2172=FACE_BOUND('',#1969,.T.);
#2173=FACE_BOUND('',#1970,.T.);
#2174=FACE_BOUND('',#1971,.T.);
#2175=FACE_BOUND('',#1972,.T.);
#2176=FACE_BOUND('',#1973,.T.);
#2177=FACE_BOUND('',#1974,.T.);
#2178=FACE_BOUND('',#1975,.T.);
#2179=FACE_BOUND('',#1976,.T.);
#2180=FACE_BOUND('',#1977,.T.);
#2181=FACE_BOUND('',#1978,.T.);
#2182=FACE_BOUND('',#1979,.T.);
#2183=FACE_BOUND('',#1980,.T.);
#2184=FACE_BOUND('',#1981,.T.);
#2185=FACE_BOUND('',#1982,.T.);
#2186=FACE_BOUND('',#1983,.T.);
#2187=FACE_BOUND('',#1984,.T.);
#2188=FACE_BOUND('',#1985,.T.);
#2189=FACE_BOUND('',#1986,.T.);
#2190=FACE_BOUND('',#1987,.T.);
#2191=FACE_BOUND('',#1988,.T.);
#2192=FACE_BOUND('',#1989,.T.);
#2193=FACE_BOUND('',#1990,.T.);
#2194=FACE_BOUND('',#1991,.T.);
#2195=FACE_BOUND('',#1992,.T.);
#2196=FACE_BOUND('',#1993,.T.);
#2197=FACE_BOUND('',#1994,.T.);
#2198=FACE_BOUND('',#1995,.T.);
#2199=FACE_BOUND('',#1996,.T.);
#2200=FACE_BOUND('',#1997,.T.);
#2201=FACE_BOUND('',#1998,.T.);
#2202=FACE_BOUND('',#1999,.T.);
#2203=FACE_BOUND('',#2000,.T.);
#2204=FACE_BOUND('',#2001,.T.);
#2205=FACE_BOUND('',#2002,.T.);
#2206=FACE_BOUND('',#2003,.T.);
#2207=FACE_BOUND('',#2004,.T.);
#2208=FACE_BOUND('',#2005,.T.);
#2209=FACE_BOUND('',#2006,.T.);
#2210=FACE_BOUND('',#2007,.T.);
#2211=FACE_BOUND('',#2008,.T.);
#2212=FACE_BOUND('',#2009,.T.);
#2213=FACE_BOUND('',#2010,.T.);
#2214=FACE_BOUND('',#2011,.T.);
#2215=FACE_BOUND('',#2012,.T.);
#2216=FACE_BOUND('',#2013,.T.);
#2217=FACE_BOUND('',#2014,.T.);
#2218=FACE_BOUND('',#2015,.T.);
#2219=FACE_BOUND('',#2016,.T.);
#2220=FACE_BOUND('',#2017,.T.);
#2221=FACE_BOUND('',#2018,.T.);
#2222=FACE_BOUND('',#2019,.T.);
#2223=FACE_BOUND('',#2020,.T.);
#2224=FACE_BOUND('',#2021,.T.);
#2225=FACE_BOUND('',#2022,.T.);
#2226=FACE_BOUND('',#2023,.T.);
#2227=FACE_BOUND('',#2024,.T.);
#2228=FACE_BOUND('',#2025,.T.);
#2229=FACE_BOUND('',#2026,.T.);
#2230=FACE_BOUND('',#2027,.T.);
#2231=FACE_BOUND('',#2028,.T.);
#2232=FACE_BOUND('',#2029,.T.);
#2233=FACE_BOUND('',#2030,.T.);
#2234=FACE_BOUND('',#2031,.T.);
#2235=FACE_BOUND('',#2032,.T.);
#2236=FACE_BOUND('',#2033,.T.);
#2237=FACE_BOUND('',#2034,.T.);
#2238=FACE_BOUND('',#2035,.T.);
#2239=FACE_BOUND('',#2036,.T.);
#2240=FACE_BOUND('',#2037,.T.);
#2241=FACE_BOUND('',#2038,.T.);
#2242=FACE_BOUND('',#2039,.T.);
#2243=FACE_BOUND('',#2040,.T.);
#2244=FACE_BOUND('',#2041,.T.);
#2245=FACE_BOUND('',#2042,.T.);
#2246=FACE_BOUND('',#2043,.T.);
#2247=FACE_BOUND('',#2044,.T.);
#2248=FACE_BOUND('',#2045,.T.);
#2249=FACE_BOUND('',#2046,.T.);
#2250=FACE_BOUND('',#2047,.T.);
#2251=FACE_BOUND('',#2048,.T.);
#2252=FACE_BOUND('',#2049,.T.);
#2253=FACE_BOUND('',#2050,.T.);
#2254=FACE_BOUND('',#2051,.T.);
#2255=FACE_BOUND('',#2052,.T.);
#2256=FACE_BOUND('',#2053,.T.);
#2257=FACE_BOUND('',#2054,.T.);
#2258=FACE_BOUND('',#2055,.T.);
#2259=FACE_BOUND('',#2056,.T.);
#2260=FACE_BOUND('',#2057,.T.);
#2261=FACE_BOUND('',#2058,.T.);
#2262=FACE_BOUND('',#2059,.T.);
#2263=FACE_BOUND('',#2060,.T.);
#2264=FACE_BOUND('',#2061,.T.);
#2265=FACE_BOUND('',#2062,.T.);
#2266=FACE_BOUND('',#2063,.T.);
#2267=FACE_BOUND('',#2064,.T.);
#2268=FACE_BOUND('',#2065,.T.);
#2269=FACE_BOUND('',#2066,.T.);
#2270=FACE_BOUND('',#2067,.T.);
#2271=FACE_BOUND('',#2068,.T.);
#2272=FACE_BOUND('',#2069,.T.);
#2273=FACE_BOUND('',#2070,.T.);
#2274=FACE_BOUND('',#2071,.T.);
#2275=FACE_BOUND('',#2072,.T.);
#2276=FACE_BOUND('',#2073,.T.);
#2277=FACE_BOUND('',#2074,.T.);
#2278=FACE_BOUND('',#2075,.T.);
#2279=FACE_BOUND('',#2076,.T.);
#2280=FACE_BOUND('',#2077,.T.);
#2281=FACE_BOUND('',#2078,.T.);
#2282=FACE_BOUND('',#2079,.T.);
#2283=FACE_BOUND('',#2080,.T.);
#2284=FACE_BOUND('',#2081,.T.);
#2285=FACE_BOUND('',#2082,.T.);
#2286=FACE_BOUND('',#2083,.T.);
#2287=FACE_BOUND('',#2084,.T.);
#2288=FACE_BOUND('',#2085,.T.);
#2289=FACE_BOUND('',#2086,.T.);
#2290=FACE_BOUND('',#2087,.T.);
#2291=FACE_BOUND('',#2088,.T.);
#2292=FACE_BOUND('',#2089,.T.);
#2293=FACE_BOUND('',#2090,.T.);
#2294=FACE_BOUND('',#2091,.T.);
#2295=FACE_BOUND('',#2092,.T.);
#2296=FACE_BOUND('',#2093,.T.);
#2297=FACE_BOUND('',#2094,.T.);
#2298=FACE_BOUND('',#2095,.T.);
#2299=FACE_BOUND('',#2096,.T.);
#2300=FACE_BOUND('',#2097,.T.);
#2301=PLANE('',#2536);
#2302=PLANE('',#2537);
#2303=PLANE('',#2538);
#2304=PLANE('',#2542);
#2305=PLANE('',#2564);
#2306=PLANE('',#2566);
#2307=PLANE('',#2568);
#2308=PLANE('',#2573);
#2309=PLANE('',#2576);
#2310=PLANE('',#2579);
#2311=PLANE('',#2580);
#2312=PLANE('',#2581);
#2313=PLANE('',#2584);
#2314=PLANE('',#2599);
#2315=PLANE('',#2601);
#2316=PLANE('',#2602);
#2317=PLANE('',#2603);
#2318=PLANE('',#2604);
#2319=PLANE('',#2605);
#2320=PLANE('',#2607);
#2321=PLANE('',#2620);
#2322=PLANE('',#2621);
#2323=PLANE('',#2625);
#2324=PLANE('',#2629);
#2325=PLANE('',#2630);
#2326=PLANE('',#2633);
#2327=PLANE('',#2636);
#2328=PLANE('',#2637);
#2329=PLANE('',#2638);
#2330=PLANE('',#2639);
#2331=PLANE('',#2640);
#2332=PLANE('',#2641);
#2333=PLANE('',#2642);
#2334=PLANE('',#2643);
#2335=PLANE('',#2644);
#2336=PLANE('',#2645);
#2337=PLANE('',#2646);
#2338=PLANE('',#2647);
#2339=PLANE('',#2648);
#2340=PLANE('',#2650);
#2341=PLANE('',#2651);
#2342=PLANE('',#2652);
#2343=PLANE('',#2653);
#2344=PLANE('',#2654);
#2345=PLANE('',#2655);
#2346=PLANE('',#2656);
#2347=PLANE('',#2660);
#2348=PLANE('',#2667);
#2349=PLANE('',#2669);
#2350=PLANE('',#2676);
#2351=PLANE('',#2683);
#2352=PLANE('',#2690);
#2353=PLANE('',#2697);
#2354=PLANE('',#2704);
#2355=PLANE('',#2711);
#2356=PLANE('',#2715);
#2357=PLANE('',#2735);
#2358=PLANE('',#2736);
#2359=PLANE('',#2743);
#2360=PLANE('',#2758);
#2361=PLANE('',#2759);
#2362=PLANE('',#2816);
#2363=ADVANCED_FACE('',(#2098),#2301,.F.);
#2364=ADVANCED_FACE('',(#2099),#2302,.T.);
#2365=ADVANCED_FACE('',(#2100),#2303,.T.);
#2366=ADVANCED_FACE('',(#2101),#225,.T.);
#2367=ADVANCED_FACE('',(#2102),#2304,.F.);
#2368=ADVANCED_FACE('',(#2103),#226,.T.);
#2369=ADVANCED_FACE('',(#2104),#227,.T.);
#2370=ADVANCED_FACE('',(#2105),#228,.T.);
#2371=ADVANCED_FACE('',(#2106),#229,.T.);
#2372=ADVANCED_FACE('',(#2107),#230,.T.);
#2373=ADVANCED_FACE('',(#2108),#231,.T.);
#2374=ADVANCED_FACE('',(#2109),#232,.T.);
#2375=ADVANCED_FACE('',(#2110),#2305,.T.);
#2376=ADVANCED_FACE('',(#2111),#2306,.T.);
#2377=ADVANCED_FACE('',(#2112),#2307,.T.);
#2378=ADVANCED_FACE('',(#2113),#2308,.T.);
#2379=ADVANCED_FACE('',(#2114),#2309,.T.);
#2380=ADVANCED_FACE('',(#2115),#2310,.T.);
#2381=ADVANCED_FACE('',(#2116),#2311,.F.);
#2382=ADVANCED_FACE('',(#2117),#2312,.T.);
#2383=ADVANCED_FACE('',(#2118,#2119,#2120,#2121,#2122,#2123,#2124),#2313,
 .T.);
#2384=ADVANCED_FACE('',(#2125),#2314,.T.);
#2385=ADVANCED_FACE('',(#2126),#2315,.T.);
#2386=ADVANCED_FACE('',(#2127),#2316,.T.);
#2387=ADVANCED_FACE('',(#2128),#2317,.T.);
#2388=ADVANCED_FACE('',(#2129),#2318,.T.);
#2389=ADVANCED_FACE('',(#2130),#2319,.T.);
#2390=ADVANCED_FACE('',(#2131,#2132),#2320,.T.);
#2391=ADVANCED_FACE('',(#2133),#233,.T.);
#2392=ADVANCED_FACE('',(#2134),#234,.T.);
#2393=ADVANCED_FACE('',(#2135,#2136),#235,.F.);
#2394=ADVANCED_FACE('',(#2137),#2321,.F.);
#2395=ADVANCED_FACE('',(#2138),#2322,.T.);
#2396=ADVANCED_FACE('',(#2139),#236,.F.);
#2397=ADVANCED_FACE('',(#2140),#237,.F.);
#2398=ADVANCED_FACE('',(#2141),#2323,.F.);
#2399=ADVANCED_FACE('',(#2142),#238,.F.);
#2400=ADVANCED_FACE('',(#2143),#2324,.F.);
#2401=ADVANCED_FACE('',(#2144),#2325,.T.);
#2402=ADVANCED_FACE('',(#2145),#239,.T.);
#2403=ADVANCED_FACE('',(#2146),#2326,.T.);
#2404=ADVANCED_FACE('',(#2147),#240,.T.);
#2405=ADVANCED_FACE('',(#2148),#2327,.F.);
#2406=ADVANCED_FACE('',(#2149),#2328,.F.);
#2407=ADVANCED_FACE('',(#2150),#2329,.T.);
#2408=ADVANCED_FACE('',(#2151),#2330,.T.);
#2409=ADVANCED_FACE('',(#2152),#2331,.T.);
#2410=ADVANCED_FACE('',(#2153),#2332,.T.);
#2411=ADVANCED_FACE('',(#2154),#2333,.T.);
#2412=ADVANCED_FACE('',(#2155),#2334,.T.);
#2413=ADVANCED_FACE('',(#2156),#2335,.T.);
#2414=ADVANCED_FACE('',(#2157),#2336,.T.);
#2415=ADVANCED_FACE('',(#2158),#2337,.T.);
#2416=ADVANCED_FACE('',(#2159),#2338,.T.);
#2417=ADVANCED_FACE('',(#2160),#2339,.F.);
#2418=ADVANCED_FACE('',(#2161),#2340,.F.);
#2419=ADVANCED_FACE('',(#2162),#2341,.F.);
#2420=ADVANCED_FACE('',(#2163),#2342,.F.);
#2421=ADVANCED_FACE('',(#2164),#2343,.F.);
#2422=ADVANCED_FACE('',(#2165),#2344,.F.);
#2423=ADVANCED_FACE('',(#2166),#2345,.F.);
#2424=ADVANCED_FACE('',(#2167),#2346,.F.);
#2425=ADVANCED_FACE('',(#2168),#241,.F.);
#2426=ADVANCED_FACE('',(#2169),#2347,.T.);
#2427=ADVANCED_FACE('',(#2170,#2171),#242,.F.);
#2428=ADVANCED_FACE('',(#2172,#2173),#243,.T.);
#2429=ADVANCED_FACE('',(#2174),#2348,.T.);
#2430=ADVANCED_FACE('',(#2175),#2349,.T.);
#2431=ADVANCED_FACE('',(#2176,#2177),#244,.F.);
#2432=ADVANCED_FACE('',(#2178,#2179),#245,.T.);
#2433=ADVANCED_FACE('',(#2180),#2350,.T.);
#2434=ADVANCED_FACE('',(#2181),#246,.T.);
#2435=ADVANCED_FACE('',(#2182,#2183),#247,.F.);
#2436=ADVANCED_FACE('',(#2184),#2351,.T.);
#2437=ADVANCED_FACE('',(#2185,#2186),#248,.F.);
#2438=ADVANCED_FACE('',(#2187,#2188),#249,.T.);
#2439=ADVANCED_FACE('',(#2189),#2352,.T.);
#2440=ADVANCED_FACE('',(#2190,#2191),#250,.F.);
#2441=ADVANCED_FACE('',(#2192,#2193),#251,.T.);
#2442=ADVANCED_FACE('',(#2194),#2353,.T.);
#2443=ADVANCED_FACE('',(#2195,#2196),#252,.F.);
#2444=ADVANCED_FACE('',(#2197,#2198),#253,.T.);
#2445=ADVANCED_FACE('',(#2199),#2354,.T.);
#2446=ADVANCED_FACE('',(#2200,#2201),#254,.F.);
#2447=ADVANCED_FACE('',(#2202,#2203),#255,.T.);
#2448=ADVANCED_FACE('',(#2204),#2355,.T.);
#2449=ADVANCED_FACE('',(#2205),#256,.T.);
#2450=ADVANCED_FACE('',(#2206),#2356,.F.);
#2451=ADVANCED_FACE('',(#2207),#257,.T.);
#2452=ADVANCED_FACE('',(#2208),#258,.T.);
#2453=ADVANCED_FACE('',(#2209,#2210),#259,.F.);
#2454=ADVANCED_FACE('',(#2211),#260,.T.);
#2455=ADVANCED_FACE('',(#2212),#261,.T.);
#2456=ADVANCED_FACE('',(#2213,#2214),#262,.F.);
#2457=ADVANCED_FACE('',(#2215),#263,.T.);
#2458=ADVANCED_FACE('',(#2216),#2357,.T.);
#2459=ADVANCED_FACE('',(#2217),#2358,.T.);
#2460=ADVANCED_FACE('',(#2218,#2219),#264,.F.);
#2461=ADVANCED_FACE('',(#2220,#2221),#265,.T.);
#2462=ADVANCED_FACE('',(#2222),#2359,.T.);
#2463=ADVANCED_FACE('',(#2223,#2224),#37,.T.);
#2464=ADVANCED_FACE('',(#2225),#38,.T.);
#2465=ADVANCED_FACE('',(#2226),#39,.T.);
#2466=ADVANCED_FACE('',(#2227),#40,.T.);
#2467=ADVANCED_FACE('',(#2228),#41,.T.);
#2468=ADVANCED_FACE('',(#2229,#2230),#42,.T.);
#2469=ADVANCED_FACE('',(#2231,#2232),#43,.T.);
#2470=ADVANCED_FACE('',(#2233),#44,.T.);
#2471=ADVANCED_FACE('',(#2234,#2235),#45,.T.);
#2472=ADVANCED_FACE('',(#2236,#2237),#46,.T.);
#2473=ADVANCED_FACE('',(#2238,#2239),#47,.T.);
#2474=ADVANCED_FACE('',(#2240,#2241),#48,.T.);
#2475=ADVANCED_FACE('',(#2242),#266,.F.);
#2476=ADVANCED_FACE('',(#2243),#267,.F.);
#2477=ADVANCED_FACE('',(#2244),#2360,.T.);
#2478=ADVANCED_FACE('',(#2245),#2361,.F.);
#2479=ADVANCED_FACE('',(#2246),#33,.T.);
#2480=ADVANCED_FACE('',(#2247),#268,.T.);
#2481=ADVANCED_FACE('',(#2248),#34,.T.);
#2482=ADVANCED_FACE('',(#2249),#269,.T.);
#2483=ADVANCED_FACE('',(#2250),#270,.T.);
#2484=ADVANCED_FACE('',(#2251),#271,.T.);
#2485=ADVANCED_FACE('',(#2252),#272,.T.);
#2486=ADVANCED_FACE('',(#2253),#14,.T.);
#2487=ADVANCED_FACE('',(#2254),#12,.T.);
#2488=ADVANCED_FACE('',(#2255),#273,.T.);
#2489=ADVANCED_FACE('',(#2256),#15,.T.);
#2490=ADVANCED_FACE('',(#2257),#274,.T.);
#2491=ADVANCED_FACE('',(#2258),#16,.T.);
#2492=ADVANCED_FACE('',(#2259),#17,.T.);
#2493=ADVANCED_FACE('',(#2260),#275,.T.);
#2494=ADVANCED_FACE('',(#2261,#2262),#18,.T.);
#2495=ADVANCED_FACE('',(#2263,#2264),#19,.T.);
#2496=ADVANCED_FACE('',(#2265),#20,.T.);
#2497=ADVANCED_FACE('',(#2266),#35,.T.);
#2498=ADVANCED_FACE('',(#2267),#276,.T.);
#2499=ADVANCED_FACE('',(#2268),#277,.T.);
#2500=ADVANCED_FACE('',(#2269,#2270),#21,.T.);
#2501=ADVANCED_FACE('',(#2271),#22,.T.);
#2502=ADVANCED_FACE('',(#2272),#278,.T.);
#2503=ADVANCED_FACE('',(#2273),#279,.T.);
#2504=ADVANCED_FACE('',(#2274),#13,.T.);
#2505=ADVANCED_FACE('',(#2275),#280,.T.);
#2506=ADVANCED_FACE('',(#2276),#36,.T.);
#2507=ADVANCED_FACE('',(#2277,#2278),#23,.T.);
#2508=ADVANCED_FACE('',(#2279,#2280),#24,.T.);
#2509=ADVANCED_FACE('',(#2281,#2282),#25,.T.);
#2510=ADVANCED_FACE('',(#2283,#2284),#26,.T.);
#2511=ADVANCED_FACE('',(#2285,#2286),#27,.T.);
#2512=ADVANCED_FACE('',(#2287,#2288),#28,.T.);
#2513=ADVANCED_FACE('',(#2289,#2290),#29,.T.);
#2514=ADVANCED_FACE('',(#2291,#2292),#30,.T.);
#2515=ADVANCED_FACE('',(#2293),#2362,.T.);
#2516=ADVANCED_FACE('',(#2294),#281,.T.);
#2517=ADVANCED_FACE('',(#2295),#282,.T.);
#2518=ADVANCED_FACE('',(#2296),#31,.T.);
#2519=ADVANCED_FACE('',(#2297),#283,.T.);
#2520=ADVANCED_FACE('',(#2298),#284,.T.);
#2521=ADVANCED_FACE('',(#2299),#32,.T.);
#2522=ADVANCED_FACE('',(#2300),#285,.T.);
#2523=CLOSED_SHELL('',(#2363,#2364,#2365,#2366,#2367,#2368,#2369,#2370,
#2371,#2372,#2373,#2374,#2375,#2376,#2377,#2378,#2379,#2380,#2381,#2382,
#2383,#2384,#2385,#2386,#2387,#2388,#2389,#2390,#2391,#2392,#2393,#2394,
#2395,#2396,#2397,#2398,#2399,#2400,#2401,#2402,#2403,#2404,#2405,#2406,
#2407,#2408,#2409,#2410,#2411,#2412,#2413,#2414,#2415,#2416,#2417,#2418,
#2419,#2420,#2421,#2422,#2423,#2424,#2425,#2426,#2427,#2428,#2429,#2430,
#2431,#2432,#2433,#2434,#2435,#2436,#2437,#2438,#2439,#2440,#2441,#2442,
#2443,#2444,#2445,#2446,#2447,#2448,#2449,#2450,#2451,#2452,#2453,#2454,
#2455,#2456,#2457,#2458,#2459,#2460,#2461,#2462,#2463,#2464,#2465,#2466,
#2467,#2468,#2469,#2470,#2471,#2472,#2473,#2474,#2475,#2476,#2477,#2478,
#2479,#2480,#2481,#2482,#2483,#2484,#2485,#2486,#2487,#2488,#2489,#2490,
#2491,#2492,#2493,#2494,#2495,#2496,#2497,#2498,#2499,#2500,#2501,#2502,
#2503,#2504,#2505,#2506,#2507,#2508,#2509,#2510,#2511,#2512,#2513,#2514,
#2515,#2516,#2517,#2518,#2519,#2520,#2521,#2522));
#2524=STYLED_ITEM('',(#2525),#2532);
#2525=PRESENTATION_STYLE_ASSIGNMENT((#2526));
#2526=SURFACE_STYLE_USAGE(.BOTH.,#2527);
#2527=SURFACE_SIDE_STYLE('',(#2528));
#2528=SURFACE_STYLE_FILL_AREA(#2529);
#2529=FILL_AREA_STYLE('',(#2530));
#2530=FILL_AREA_STYLE_COLOUR('',#2531);
#2531=COLOUR_RGB('',0.498039215686275,0.498039215686275,0.498039215686275);
#2532=MANIFOLD_SOLID_BREP('caja inferior-A',#2523);
#2533=SHAPE_DEFINITION_REPRESENTATION(#4500,#2534);
#2534=SHAPE_REPRESENTATION('caja inferior-A',(#2535),#4495);
#2535=AXIS2_PLACEMENT_3D('',#3590,#2830,#2831);
#2536=AXIS2_PLACEMENT_3D('',#3591,#2832,#2833);
#2537=AXIS2_PLACEMENT_3D('',#3604,#2840,#2841);
#2538=AXIS2_PLACEMENT_3D('',#3621,#2850,#2851);
#2539=AXIS2_PLACEMENT_3D('',#3634,#2858,#2859);
#2540=AXIS2_PLACEMENT_3D('',#3635,#2860,#2861);
#2541=AXIS2_PLACEMENT_3D('',#3637,#2862,#2863);
#2542=AXIS2_PLACEMENT_3D('',#3640,#2865,#2866);
#2543=AXIS2_PLACEMENT_3D('',#3654,#2874,#2875);
#2544=AXIS2_PLACEMENT_3D('',#3655,#2876,#2877);
#2545=AXIS2_PLACEMENT_3D('',#3656,#2878,#2879);
#2546=AXIS2_PLACEMENT_3D('',#3657,#2880,#2881);
#2547=AXIS2_PLACEMENT_3D('',#3658,#2882,#2883);
#2548=AXIS2_PLACEMENT_3D('',#3660,#2884,#2885);
#2549=AXIS2_PLACEMENT_3D('',#3661,#2886,#2887);
#2550=AXIS2_PLACEMENT_3D('',#3662,#2888,#2889);
#2551=AXIS2_PLACEMENT_3D('',#3664,#2890,#2891);
#2552=AXIS2_PLACEMENT_3D('',#3665,#2892,#2893);
#2553=AXIS2_PLACEMENT_3D('',#3666,#2894,#2895);
#2554=AXIS2_PLACEMENT_3D('',#3668,#2896,#2897);
#2555=AXIS2_PLACEMENT_3D('',#3669,#2898,#2899);
#2556=AXIS2_PLACEMENT_3D('',#3670,#2900,#2901);
#2557=AXIS2_PLACEMENT_3D('',#3672,#2902,#2903);
#2558=AXIS2_PLACEMENT_3D('',#3673,#2904,#2905);
#2559=AXIS2_PLACEMENT_3D('',#3674,#2906,#2907);
#2560=AXIS2_PLACEMENT_3D('',#3676,#2908,#2909);
#2561=AXIS2_PLACEMENT_3D('',#3677,#2910,#2911);
#2562=AXIS2_PLACEMENT_3D('',#3678,#2912,#2913);
#2563=AXIS2_PLACEMENT_3D('',#3680,#2914,#2915);
#2564=AXIS2_PLACEMENT_3D('',#3681,#2916,#2917);
#2565=AXIS2_PLACEMENT_3D('',#3689,#2921,#2922);
#2566=AXIS2_PLACEMENT_3D('',#3694,#2925,#2926);
#2567=AXIS2_PLACEMENT_3D('',#3708,#2933,#2934);
#2568=AXIS2_PLACEMENT_3D('',#3709,#2935,#2936);
#2569=AXIS2_PLACEMENT_3D('',#3713,#2938,#2939);
#2570=AXIS2_PLACEMENT_3D('',#3717,#2941,#2942);
#2571=AXIS2_PLACEMENT_3D('',#3721,#2944,#2945);
#2572=AXIS2_PLACEMENT_3D('',#3725,#2947,#2948);
#2573=AXIS2_PLACEMENT_3D('',#3726,#2949,#2950);
#2574=AXIS2_PLACEMENT_3D('',#3730,#2952,#2953);
#2575=AXIS2_PLACEMENT_3D('',#3734,#2955,#2956);
#2576=AXIS2_PLACEMENT_3D('',#3735,#2957,#2958);
#2577=AXIS2_PLACEMENT_3D('',#3739,#2960,#2961);
#2578=AXIS2_PLACEMENT_3D('',#3743,#2963,#2964);
#2579=AXIS2_PLACEMENT_3D('',#3744,#2965,#2966);
#2580=AXIS2_PLACEMENT_3D('',#3765,#2973,#2974);
#2581=AXIS2_PLACEMENT_3D('',#3779,#2979,#2980);
#2582=AXIS2_PLACEMENT_3D('',#3783,#2982,#2983);
#2583=AXIS2_PLACEMENT_3D('',#3787,#2985,#2986);
#2584=AXIS2_PLACEMENT_3D('',#3788,#2987,#2988);
#2585=AXIS2_PLACEMENT_3D('',#3789,#2989,#2990);
#2586=AXIS2_PLACEMENT_3D('',#3791,#2991,#2992);
#2587=AXIS2_PLACEMENT_3D('',#3793,#2993,#2994);
#2588=AXIS2_PLACEMENT_3D('',#3795,#2995,#2996);
#2589=AXIS2_PLACEMENT_3D('',#3800,#2998,#2999);
#2590=AXIS2_PLACEMENT_3D('',#3833,#3016,#3017);
#2591=AXIS2_PLACEMENT_3D('',#3837,#3019,#3020);
#2592=AXIS2_PLACEMENT_3D('',#3841,#3022,#3023);
#2593=AXIS2_PLACEMENT_3D('',#3845,#3025,#3026);
#2594=AXIS2_PLACEMENT_3D('',#3847,#3027,#3028);
#2595=AXIS2_PLACEMENT_3D('',#3849,#3029,#3030);
#2596=AXIS2_PLACEMENT_3D('',#3853,#3032,#3033);
#2597=AXIS2_PLACEMENT_3D('',#3854,#3034,#3035);
#2598=AXIS2_PLACEMENT_3D('',#3856,#3036,#3037);
#2599=AXIS2_PLACEMENT_3D('',#3858,#3038,#3039);
#2600=AXIS2_PLACEMENT_3D('',#3859,#3040,#3041);
#2601=AXIS2_PLACEMENT_3D('',#3861,#3042,#3043);
#2602=AXIS2_PLACEMENT_3D('',#3870,#3048,#3049);
#2603=AXIS2_PLACEMENT_3D('',#3883,#3052,#3053);
#2604=AXIS2_PLACEMENT_3D('',#3896,#3056,#3057);
#2605=AXIS2_PLACEMENT_3D('',#3904,#3060,#3061);
#2606=AXIS2_PLACEMENT_3D('',#3907,#3063,#3064);
#2607=AXIS2_PLACEMENT_3D('',#3908,#3065,#3066);
#2608=AXIS2_PLACEMENT_3D('',#3909,#3067,#3068);
#2609=AXIS2_PLACEMENT_3D('',#3910,#3069,#3070);
#2610=AXIS2_PLACEMENT_3D('',#3936,#3074,#3075);
#2611=AXIS2_PLACEMENT_3D('',#3940,#3077,#3078);
#2612=AXIS2_PLACEMENT_3D('',#3944,#3080,#3081);
#2613=AXIS2_PLACEMENT_3D('',#3948,#3083,#3084);
#2614=AXIS2_PLACEMENT_3D('',#3949,#3085,#3086);
#2615=AXIS2_PLACEMENT_3D('',#3950,#3087,#3088);
#2616=AXIS2_PLACEMENT_3D('',#3951,#3089,#3090);
#2617=AXIS2_PLACEMENT_3D('',#3952,#3091,#3092);
#2618=AXIS2_PLACEMENT_3D('',#3953,#3093,#3094);
#2619=AXIS2_PLACEMENT_3D('',#3954,#3095,#3096);
#2620=AXIS2_PLACEMENT_3D('',#3956,#3097,#3098);
#2621=AXIS2_PLACEMENT_3D('',#3962,#3102,#3103);
#2622=AXIS2_PLACEMENT_3D('',#3971,#3106,#3107);
#2623=AXIS2_PLACEMENT_3D('',#3974,#3109,#3110);
#2624=AXIS2_PLACEMENT_3D('',#3975,#3111,#3112);
#2625=AXIS2_PLACEMENT_3D('',#3977,#3114,#3115);
#2626=AXIS2_PLACEMENT_3D('',#3991,#3118,#3119);
#2627=AXIS2_PLACEMENT_3D('',#3995,#3121,#3122);
#2628=AXIS2_PLACEMENT_3D('',#3996,#3123,#3124);
#2629=AXIS2_PLACEMENT_3D('',#3997,#3125,#3126);
#2630=AXIS2_PLACEMENT_3D('',#4014,#3129,#3130);
#2631=AXIS2_PLACEMENT_3D('',#4020,#3134,#3135);
#2632=AXIS2_PLACEMENT_3D('',#4023,#3137,#3138);
#2633=AXIS2_PLACEMENT_3D('',#4024,#3139,#3140);
#2634=AXIS2_PLACEMENT_3D('',#4028,#3143,#3144);
#2635=AXIS2_PLACEMENT_3D('',#4029,#3145,#3146);
#2636=AXIS2_PLACEMENT_3D('',#4030,#3147,#3148);
#2637=AXIS2_PLACEMENT_3D('',#4041,#3152,#3153);
#2638=AXIS2_PLACEMENT_3D('',#4047,#3157,#3158);
#2639=AXIS2_PLACEMENT_3D('',#4056,#3161,#3162);
#2640=AXIS2_PLACEMENT_3D('',#4060,#3165,#3166);
#2641=AXIS2_PLACEMENT_3D('',#4064,#3169,#3170);
#2642=AXIS2_PLACEMENT_3D('',#4068,#3173,#3174);
#2643=AXIS2_PLACEMENT_3D('',#4072,#3177,#3178);
#2644=AXIS2_PLACEMENT_3D('',#4076,#3181,#3182);
#2645=AXIS2_PLACEMENT_3D('',#4080,#3185,#3186);
#2646=AXIS2_PLACEMENT_3D('',#4084,#3189,#3190);
#2647=AXIS2_PLACEMENT_3D('',#4086,#3192,#3193);
#2648=AXIS2_PLACEMENT_3D('',#4087,#3194,#3195);
#2649=AXIS2_PLACEMENT_3D('',#4091,#3197,#3198);
#2650=AXIS2_PLACEMENT_3D('',#4095,#3201,#3202);
#2651=AXIS2_PLACEMENT_3D('',#4099,#3205,#3206);
#2652=AXIS2_PLACEMENT_3D('',#4103,#3209,#3210);
#2653=AXIS2_PLACEMENT_3D('',#4107,#3213,#3214);
#2654=AXIS2_PLACEMENT_3D('',#4111,#3217,#3218);
#2655=AXIS2_PLACEMENT_3D('',#4115,#3221,#3222);
#2656=AXIS2_PLACEMENT_3D('',#4119,#3225,#3226);
#2657=AXIS2_PLACEMENT_3D('',#4130,#3230,#3231);
#2658=AXIS2_PLACEMENT_3D('',#4131,#3232,#3233);
#2659=AXIS2_PLACEMENT_3D('',#4137,#3234,#3235);
#2660=AXIS2_PLACEMENT_3D('',#4138,#3236,#3237);
#2661=AXIS2_PLACEMENT_3D('',#4139,#3238,#3239);
#2662=AXIS2_PLACEMENT_3D('',#4140,#3240,#3241);
#2663=AXIS2_PLACEMENT_3D('',#4142,#3242,#3243);
#2664=AXIS2_PLACEMENT_3D('',#4144,#3244,#3245);
#2665=AXIS2_PLACEMENT_3D('',#4145,#3246,#3247);
#2666=AXIS2_PLACEMENT_3D('',#4147,#3248,#3249);
#2667=AXIS2_PLACEMENT_3D('',#4157,#3250,#3251);
#2668=AXIS2_PLACEMENT_3D('',#4158,#3252,#3253);
#2669=AXIS2_PLACEMENT_3D('',#4159,#3254,#3255);
#2670=AXIS2_PLACEMENT_3D('',#4160,#3256,#3257);
#2671=AXIS2_PLACEMENT_3D('',#4161,#3258,#3259);
#2672=AXIS2_PLACEMENT_3D('',#4163,#3260,#3261);
#2673=AXIS2_PLACEMENT_3D('',#4165,#3262,#3263);
#2674=AXIS2_PLACEMENT_3D('',#4166,#3264,#3265);
#2675=AXIS2_PLACEMENT_3D('',#4168,#3266,#3267);
#2676=AXIS2_PLACEMENT_3D('',#4170,#3268,#3269);
#2677=AXIS2_PLACEMENT_3D('',#4171,#3270,#3271);
#2678=AXIS2_PLACEMENT_3D('',#4172,#3272,#3273);
#2679=AXIS2_PLACEMENT_3D('',#4173,#3274,#3275);
#2680=AXIS2_PLACEMENT_3D('',#4174,#3276,#3277);
#2681=AXIS2_PLACEMENT_3D('',#4175,#3278,#3279);
#2682=AXIS2_PLACEMENT_3D('',#4177,#3280,#3281);
#2683=AXIS2_PLACEMENT_3D('',#4179,#3282,#3283);
#2684=AXIS2_PLACEMENT_3D('',#4180,#3284,#3285);
#2685=AXIS2_PLACEMENT_3D('',#4181,#3286,#3287);
#2686=AXIS2_PLACEMENT_3D('',#4183,#3288,#3289);
#2687=AXIS2_PLACEMENT_3D('',#4185,#3290,#3291);
#2688=AXIS2_PLACEMENT_3D('',#4186,#3292,#3293);
#2689=AXIS2_PLACEMENT_3D('',#4188,#3294,#3295);
#2690=AXIS2_PLACEMENT_3D('',#4190,#3296,#3297);
#2691=AXIS2_PLACEMENT_3D('',#4191,#3298,#3299);
#2692=AXIS2_PLACEMENT_3D('',#4192,#3300,#3301);
#2693=AXIS2_PLACEMENT_3D('',#4194,#3302,#3303);
#2694=AXIS2_PLACEMENT_3D('',#4196,#3304,#3305);
#2695=AXIS2_PLACEMENT_3D('',#4197,#3306,#3307);
#2696=AXIS2_PLACEMENT_3D('',#4199,#3308,#3309);
#2697=AXIS2_PLACEMENT_3D('',#4201,#3310,#3311);
#2698=AXIS2_PLACEMENT_3D('',#4202,#3312,#3313);
#2699=AXIS2_PLACEMENT_3D('',#4203,#3314,#3315);
#2700=AXIS2_PLACEMENT_3D('',#4205,#3316,#3317);
#2701=AXIS2_PLACEMENT_3D('',#4207,#3318,#3319);
#2702=AXIS2_PLACEMENT_3D('',#4208,#3320,#3321);
#2703=AXIS2_PLACEMENT_3D('',#4210,#3322,#3323);
#2704=AXIS2_PLACEMENT_3D('',#4212,#3324,#3325);
#2705=AXIS2_PLACEMENT_3D('',#4213,#3326,#3327);
#2706=AXIS2_PLACEMENT_3D('',#4214,#3328,#3329);
#2707=AXIS2_PLACEMENT_3D('',#4216,#3330,#3331);
#2708=AXIS2_PLACEMENT_3D('',#4218,#3332,#3333);
#2709=AXIS2_PLACEMENT_3D('',#4219,#3334,#3335);
#2710=AXIS2_PLACEMENT_3D('',#4221,#3336,#3337);
#2711=AXIS2_PLACEMENT_3D('',#4223,#3338,#3339);
#2712=AXIS2_PLACEMENT_3D('',#4224,#3340,#3341);
#2713=AXIS2_PLACEMENT_3D('',#4225,#3342,#3343);
#2714=AXIS2_PLACEMENT_3D('',#4226,#3344,#3345);
#2715=AXIS2_PLACEMENT_3D('',#4227,#3346,#3347);
#2716=AXIS2_PLACEMENT_3D('',#4229,#3349,#3350);
#2717=AXIS2_PLACEMENT_3D('',#4230,#3351,#3352);
#2718=AXIS2_PLACEMENT_3D('',#4231,#3353,#3354);
#2719=AXIS2_PLACEMENT_3D('',#4232,#3355,#3356);
#2720=AXIS2_PLACEMENT_3D('',#4233,#3357,#3358);
#2721=AXIS2_PLACEMENT_3D('',#4234,#3359,#3360);
#2722=AXIS2_PLACEMENT_3D('',#4235,#3361,#3362);
#2723=AXIS2_PLACEMENT_3D('',#4237,#3363,#3364);
#2724=AXIS2_PLACEMENT_3D('',#4239,#3365,#3366);
#2725=AXIS2_PLACEMENT_3D('',#4240,#3367,#3368);
#2726=AXIS2_PLACEMENT_3D('',#4241,#3369,#3370);
#2727=AXIS2_PLACEMENT_3D('',#4242,#3371,#3372);
#2728=AXIS2_PLACEMENT_3D('',#4243,#3373,#3374);
#2729=AXIS2_PLACEMENT_3D('',#4244,#3375,#3376);
#2730=AXIS2_PLACEMENT_3D('',#4245,#3377,#3378);
#2731=AXIS2_PLACEMENT_3D('',#4247,#3379,#3380);
#2732=AXIS2_PLACEMENT_3D('',#4249,#3381,#3382);
#2733=AXIS2_PLACEMENT_3D('',#4250,#3383,#3384);
#2734=AXIS2_PLACEMENT_3D('',#4251,#3385,#3386);
#2735=AXIS2_PLACEMENT_3D('',#4252,#3387,#3388);
#2736=AXIS2_PLACEMENT_3D('',#4253,#3389,#3390);
#2737=AXIS2_PLACEMENT_3D('',#4254,#3391,#3392);
#2738=AXIS2_PLACEMENT_3D('',#4255,#3393,#3394);
#2739=AXIS2_PLACEMENT_3D('',#4257,#3395,#3396);
#2740=AXIS2_PLACEMENT_3D('',#4259,#3397,#3398);
#2741=AXIS2_PLACEMENT_3D('',#4260,#3399,#3400);
#2742=AXIS2_PLACEMENT_3D('',#4262,#3401,#3402);
#2743=AXIS2_PLACEMENT_3D('',#4264,#3403,#3404);
#2744=AXIS2_PLACEMENT_3D('',#4265,#3405,#3406);
#2745=AXIS2_PLACEMENT_3D('',#4266,#3407,#3408);
#2746=AXIS2_PLACEMENT_3D('',#4267,#3409,#3410);
#2747=AXIS2_PLACEMENT_3D('',#4268,#3411,#3412);
#2748=AXIS2_PLACEMENT_3D('',#4269,#3413,#3414);
#2749=AXIS2_PLACEMENT_3D('',#4270,#3415,#3416);
#2750=AXIS2_PLACEMENT_3D('',#4271,#3417,#3418);
#2751=AXIS2_PLACEMENT_3D('',#4276,#3419,#3420);
#2752=AXIS2_PLACEMENT_3D('',#4277,#3421,#3422);
#2753=AXIS2_PLACEMENT_3D('',#4278,#3423,#3424);
#2754=AXIS2_PLACEMENT_3D('',#4279,#3425,#3426);
#2755=AXIS2_PLACEMENT_3D('',#4280,#3427,#3428);
#2756=AXIS2_PLACEMENT_3D('',#4281,#3429,#3430);
#2757=AXIS2_PLACEMENT_3D('',#4293,#3432,#3433);
#2758=AXIS2_PLACEMENT_3D('',#4305,#3435,#3436);
#2759=AXIS2_PLACEMENT_3D('',#4311,#3440,#3441);
#2760=AXIS2_PLACEMENT_3D('',#4329,#3445,#3446);
#2761=AXIS2_PLACEMENT_3D('',#4330,#3447,#3448);
#2762=AXIS2_PLACEMENT_3D('',#4331,#3449,#3450);
#2763=AXIS2_PLACEMENT_3D('',#4344,#3451,#3452);
#2764=AXIS2_PLACEMENT_3D('',#4345,#3453,#3454);
#2765=AXIS2_PLACEMENT_3D('',#4346,#3455,#3456);
#2766=AXIS2_PLACEMENT_3D('',#4347,#3457,#3458);
#2767=AXIS2_PLACEMENT_3D('',#4348,#3459,#3460);
#2768=AXIS2_PLACEMENT_3D('',#4354,#3461,#3462);
#2769=AXIS2_PLACEMENT_3D('',#4355,#3463,#3464);
#2770=AXIS2_PLACEMENT_3D('',#4356,#3465,#3466);
#2771=AXIS2_PLACEMENT_3D('',#4357,#3467,#3468);
#2772=AXIS2_PLACEMENT_3D('',#4358,#3469,#3470);
#2773=AXIS2_PLACEMENT_3D('',#4364,#3471,#3472);
#2774=AXIS2_PLACEMENT_3D('',#4365,#3473,#3474);
#2775=AXIS2_PLACEMENT_3D('',#4366,#3475,#3476);
#2776=AXIS2_PLACEMENT_3D('',#4367,#3477,#3478);
#2777=AXIS2_PLACEMENT_3D('',#4368,#3479,#3480);
#2778=AXIS2_PLACEMENT_3D('',#4369,#3481,#3482);
#2779=AXIS2_PLACEMENT_3D('',#4370,#3483,#3484);
#2780=AXIS2_PLACEMENT_3D('',#4376,#3485,#3486);
#2781=AXIS2_PLACEMENT_3D('',#4377,#3487,#3488);
#2782=AXIS2_PLACEMENT_3D('',#4388,#3489,#3490);
#2783=AXIS2_PLACEMENT_3D('',#4389,#3491,#3492);
#2784=AXIS2_PLACEMENT_3D('',#4390,#3493,#3494);
#2785=AXIS2_PLACEMENT_3D('',#4396,#3495,#3496);
#2786=AXIS2_PLACEMENT_3D('',#4397,#3497,#3498);
#2787=AXIS2_PLACEMENT_3D('',#4403,#3499,#3500);
#2788=AXIS2_PLACEMENT_3D('',#4404,#3501,#3502);
#2789=AXIS2_PLACEMENT_3D('',#4410,#3503,#3504);
#2790=AXIS2_PLACEMENT_3D('',#4411,#3505,#3506);
#2791=AXIS2_PLACEMENT_3D('',#4424,#3507,#3508);
#2792=AXIS2_PLACEMENT_3D('',#4425,#3509,#3510);
#2793=AXIS2_PLACEMENT_3D('',#4431,#3511,#3512);
#2794=AXIS2_PLACEMENT_3D('',#4432,#3513,#3514);
#2795=AXIS2_PLACEMENT_3D('',#4433,#3515,#3516);
#2796=AXIS2_PLACEMENT_3D('',#4434,#3517,#3518);
#2797=AXIS2_PLACEMENT_3D('',#4435,#3519,#3520);
#2798=AXIS2_PLACEMENT_3D('',#4441,#3521,#3522);
#2799=AXIS2_PLACEMENT_3D('',#4442,#3523,#3524);
#2800=AXIS2_PLACEMENT_3D('',#4443,#3525,#3526);
#2801=AXIS2_PLACEMENT_3D('',#4444,#3527,#3528);
#2802=AXIS2_PLACEMENT_3D('',#4445,#3529,#3530);
#2803=AXIS2_PLACEMENT_3D('',#4446,#3531,#3532);
#2804=AXIS2_PLACEMENT_3D('',#4447,#3533,#3534);
#2805=AXIS2_PLACEMENT_3D('',#4448,#3535,#3536);
#2806=AXIS2_PLACEMENT_3D('',#4449,#3537,#3538);
#2807=AXIS2_PLACEMENT_3D('',#4450,#3539,#3540);
#2808=AXIS2_PLACEMENT_3D('',#4463,#3541,#3542);
#2809=AXIS2_PLACEMENT_3D('',#4464,#3543,#3544);
#2810=AXIS2_PLACEMENT_3D('',#4465,#3545,#3546);
#2811=AXIS2_PLACEMENT_3D('',#4466,#3547,#3548);
#2812=AXIS2_PLACEMENT_3D('',#4467,#3549,#3550);
#2813=AXIS2_PLACEMENT_3D('',#4468,#3551,#3552);
#2814=AXIS2_PLACEMENT_3D('',#4469,#3553,#3554);
#2815=AXIS2_PLACEMENT_3D('',#4470,#3555,#3556);
#2816=AXIS2_PLACEMENT_3D('',#4471,#3557,#3558);
#2817=AXIS2_PLACEMENT_3D('',#4475,#3561,#3562);
#2818=AXIS2_PLACEMENT_3D('',#4480,#3565,#3566);
#2819=AXIS2_PLACEMENT_3D('',#4483,#3568,#3569);
#2820=AXIS2_PLACEMENT_3D('',#4484,#3570,#3571);
#2821=AXIS2_PLACEMENT_3D('',#4485,#3572,#3573);
#2822=AXIS2_PLACEMENT_3D('',#4486,#3574,#3575);
#2823=AXIS2_PLACEMENT_3D('',#4487,#3576,#3577);
#2824=AXIS2_PLACEMENT_3D('',#4488,#3578,#3579);
#2825=AXIS2_PLACEMENT_3D('',#4489,#3580,#3581);
#2826=AXIS2_PLACEMENT_3D('',#4490,#3582,#3583);
#2827=AXIS2_PLACEMENT_3D('',#4491,#3584,#3585);
#2828=AXIS2_PLACEMENT_3D('',#4492,#3586,#3587);
#2829=AXIS2_PLACEMENT_3D('',#4493,#3588,#3589);
#2830=DIRECTION('',(0.,0.,1.));
#2831=DIRECTION('',(1.,0.,0.));
#2832=DIRECTION('',(1.,1.58712114817927E-16,0.));
#2833=DIRECTION('',(-1.58712114817927E-16,1.,0.));
#2834=DIRECTION('',(-1.58712114817927E-16,1.,0.));
#2835=DIRECTION('',(0.,0.,-1.));
#2836=DIRECTION('',(1.58712114817927E-16,-1.,0.));
#2837=DIRECTION('',(0.,0.,1.));
#2838=DIRECTION('',(-1.58712114817927E-16,1.,0.));
#2839=DIRECTION('',(0.,0.,1.));
#2840=DIRECTION('',(0.,1.,0.));
#2841=DIRECTION('',(0.,0.,1.));
#2842=DIRECTION('',(0.,0.,1.));
#2843=DIRECTION('',(-1.,0.,0.));
#2844=DIRECTION('',(0.,0.,1.));
#2845=DIRECTION('',(1.,0.,0.));
#2846=DIRECTION('',(0.,0.,-1.));
#2847=DIRECTION('',(1.,0.,0.));
#2848=DIRECTION('',(0.,0.,1.));
#2849=DIRECTION('',(1.,0.,0.));
#2850=DIRECTION('',(1.,1.26219077887356E-16,0.));
#2851=DIRECTION('',(-1.26219077887356E-16,1.,0.));
#2852=DIRECTION('',(0.,0.,1.));
#2853=DIRECTION('',(-1.26219077887356E-16,1.,0.));
#2854=DIRECTION('',(0.,0.,1.));
#2855=DIRECTION('',(1.26219077887356E-16,-1.,0.));
#2856=DIRECTION('',(0.,0.,-1.));
#2857=DIRECTION('',(1.26219077887356E-16,-1.,0.));
#2858=DIRECTION('',(0.,0.,-1.));
#2859=DIRECTION('',(-1.,0.,0.));
#2860=DIRECTION('',(0.,0.,-1.));
#2861=DIRECTION('',(-1.,0.,0.));
#2862=DIRECTION('',(0.,0.,1.));
#2863=DIRECTION('',(1.,0.,0.));
#2864=DIRECTION('',(0.,0.,-1.));
#2865=DIRECTION('',(0.,1.,0.));
#2866=DIRECTION('',(0.,0.,1.));
#2867=DIRECTION('',(-1.,0.,0.));
#2868=DIRECTION('',(1.,0.,0.));
#2869=DIRECTION('',(0.,0.,1.));
#2870=DIRECTION('',(-1.,0.,0.));
#2871=DIRECTION('',(0.,0.,1.));
#2872=DIRECTION('',(-1.,0.,0.));
#2873=DIRECTION('',(0.,0.,1.));
#2874=DIRECTION('',(0.,0.,-1.));
#2875=DIRECTION('',(-1.,0.,0.));
#2876=DIRECTION('',(0.,0.,-1.));
#2877=DIRECTION('',(-1.,0.,0.));
#2878=DIRECTION('',(0.,0.,1.));
#2879=DIRECTION('',(1.,0.,0.));
#2880=DIRECTION('',(0.,0.,1.));
#2881=DIRECTION('',(1.,0.,0.));
#2882=DIRECTION('',(0.707106781186548,0.,-0.707106781186548));
#2883=DIRECTION('',(0.707106781186548,0.,0.707106781186548));
#2884=DIRECTION('',(0.,0.,-1.));
#2885=DIRECTION('',(-1.,0.,0.));
#2886=DIRECTION('',(0.,0.,-1.));
#2887=DIRECTION('',(-1.,0.,0.));
#2888=DIRECTION('',(0.,0.,-1.));
#2889=DIRECTION('',(-1.,0.,0.));
#2890=DIRECTION('',(0.707106781186548,0.,0.707106781186548));
#2891=DIRECTION('',(0.707106781186548,0.,-0.707106781186548));
#2892=DIRECTION('',(0.,0.,1.));
#2893=DIRECTION('',(1.,0.,0.));
#2894=DIRECTION('',(0.707106781186548,0.,0.707106781186548));
#2895=DIRECTION('',(0.707106781186548,0.,-0.707106781186548));
#2896=DIRECTION('',(0.,0.,-1.));
#2897=DIRECTION('',(-1.,0.,0.));
#2898=DIRECTION('',(0.,0.,-1.));
#2899=DIRECTION('',(-1.,0.,0.));
#2900=DIRECTION('',(0.,0.,-1.));
#2901=DIRECTION('',(-1.,0.,0.));
#2902=DIRECTION('',(8.92503658892624E-17,-0.707106781186548,-0.707106781186548));
#2903=DIRECTION('',(-8.92503658892624E-17,0.707106781186548,-0.707106781186548));
#2904=DIRECTION('',(0.,0.,1.));
#2905=DIRECTION('',(1.,0.,0.));
#2906=DIRECTION('',(-1.12226412644214E-16,0.707106781186548,0.707106781186548));
#2907=DIRECTION('',(1.12226412644214E-16,-0.707106781186548,0.707106781186548));
#2908=DIRECTION('',(0.,0.,-1.));
#2909=DIRECTION('',(-1.,0.,0.));
#2910=DIRECTION('',(0.,0.,1.));
#2911=DIRECTION('',(1.,0.,0.));
#2912=DIRECTION('',(0.,0.,-1.));
#2913=DIRECTION('',(-1.,0.,0.));
#2914=DIRECTION('',(-0.707106781186548,0.,0.707106781186548));
#2915=DIRECTION('',(0.707106781186548,0.,0.707106781186548));
#2916=DIRECTION('',(0.,0.,1.));
#2917=DIRECTION('',(1.,0.,0.));
#2918=DIRECTION('',(0.,-1.,0.));
#2919=DIRECTION('',(1.,1.58712114817927E-16,0.));
#2920=DIRECTION('',(1.58712114817927E-16,-1.,0.));
#2921=DIRECTION('',(0.,0.,1.));
#2922=DIRECTION('',(1.,0.,0.));
#2923=DIRECTION('',(0.,-1.,0.));
#2924=DIRECTION('',(0.,-1.,0.));
#2925=DIRECTION('',(0.,0.,1.));
#2926=DIRECTION('',(1.,0.,0.));
#2927=DIRECTION('',(1.58712114817927E-16,-1.,0.));
#2928=DIRECTION('',(1.,1.58712114817927E-16,0.));
#2929=DIRECTION('',(0.,-1.,0.));
#2930=DIRECTION('',(0.,-1.,0.));
#2931=DIRECTION('',(-1.,0.,0.));
#2932=DIRECTION('',(0.,-1.,0.));
#2933=DIRECTION('',(0.,0.,1.));
#2934=DIRECTION('',(1.,0.,0.));
#2935=DIRECTION('',(0.,0.,1.));
#2936=DIRECTION('',(1.,0.,0.));
#2937=DIRECTION('',(1.58712114817927E-16,-1.,0.));
#2938=DIRECTION('',(0.,0.,1.));
#2939=DIRECTION('',(1.,0.,0.));
#2940=DIRECTION('',(1.08793326925792E-16,-1.,0.));
#2941=DIRECTION('',(0.,0.,-1.));
#2942=DIRECTION('',(1.,0.,0.));
#2943=DIRECTION('',(1.,0.,0.));
#2944=DIRECTION('',(0.,0.,1.));
#2945=DIRECTION('',(1.,0.,0.));
#2946=DIRECTION('',(1.,0.,0.));
#2947=DIRECTION('',(0.,0.,1.));
#2948=DIRECTION('',(1.,0.,0.));
#2949=DIRECTION('',(0.,0.,1.));
#2950=DIRECTION('',(1.,0.,0.));
#2951=DIRECTION('',(1.26219077887356E-16,-1.,0.));
#2952=DIRECTION('',(0.,0.,1.));
#2953=DIRECTION('',(1.,0.,0.));
#2954=DIRECTION('',(1.32168056319109E-16,-1.,0.));
#2955=DIRECTION('',(0.,0.,1.));
#2956=DIRECTION('',(1.,0.,0.));
#2957=DIRECTION('',(0.,0.,1.));
#2958=DIRECTION('',(1.,0.,0.));
#2959=DIRECTION('',(1.,0.,0.));
#2960=DIRECTION('',(0.,0.,1.));
#2961=DIRECTION('',(1.,0.,0.));
#2962=DIRECTION('',(1.,0.,0.));
#2963=DIRECTION('',(0.,0.,1.));
#2964=DIRECTION('',(1.,0.,0.));
#2965=DIRECTION('',(1.,0.,0.));
#2966=DIRECTION('',(0.,0.,-1.));
#2967=DIRECTION('',(0.,1.,0.));
#2968=DIRECTION('',(0.,0.,-1.));
#2969=DIRECTION('',(0.,0.,-1.));
#2970=DIRECTION('',(0.,-1.,0.));
#2971=DIRECTION('',(0.,0.,-1.));
#2972=DIRECTION('',(0.,0.,-1.));
#2973=DIRECTION('',(1.,1.58712114817927E-16,0.));
#2974=DIRECTION('',(-1.58712114817927E-16,1.,0.));
#2975=DIRECTION('',(1.58712114817927E-16,-1.,0.));
#2976=DIRECTION('',(0.,0.,-1.));
#2977=DIRECTION('',(1.58712114817927E-16,-1.,0.));
#2978=DIRECTION('',(0.,0.,-1.));
#2979=DIRECTION('',(0.,0.,1.));
#2980=DIRECTION('',(1.,0.,0.));
#2981=DIRECTION('',(1.,0.,0.));
#2982=DIRECTION('',(0.,0.,1.));
#2983=DIRECTION('',(1.,0.,0.));
#2984=DIRECTION('',(1.,0.,0.));
#2985=DIRECTION('',(0.,0.,1.));
#2986=DIRECTION('',(1.,0.,0.));
#2987=DIRECTION('',(0.,0.,1.));
#2988=DIRECTION('',(1.,0.,0.));
#2989=DIRECTION('',(0.,0.,1.));
#2990=DIRECTION('',(1.,0.,0.));
#2991=DIRECTION('',(0.,0.,1.));
#2992=DIRECTION('',(1.,0.,0.));
#2993=DIRECTION('',(0.,0.,1.));
#2994=DIRECTION('',(1.,0.,0.));
#2995=DIRECTION('',(0.,0.,1.));
#2996=DIRECTION('',(1.,0.,0.));
#2997=DIRECTION('',(1.08793326925792E-16,-1.,0.));
#2998=DIRECTION('',(0.,0.,1.));
#2999=DIRECTION('',(1.,0.,0.));
#3000=DIRECTION('',(-1.,0.,0.));
#3001=DIRECTION('',(0.,1.,0.));
#3002=DIRECTION('',(-1.,0.,0.));
#3003=DIRECTION('',(0.,1.,0.));
#3004=DIRECTION('',(1.,0.,0.));
#3005=DIRECTION('',(0.,-1.,0.));
#3006=DIRECTION('',(1.,0.,0.));
#3007=DIRECTION('',(1.,0.,0.));
#3008=DIRECTION('',(0.,1.,0.));
#3009=DIRECTION('',(1.,0.,0.));
#3010=DIRECTION('',(0.,1.,0.));
#3011=DIRECTION('',(1.,0.,0.));
#3012=DIRECTION('',(0.,-1.,0.));
#3013=DIRECTION('',(-1.,0.,0.));
#3014=DIRECTION('',(0.,-1.,0.));
#3015=DIRECTION('',(-1.,0.,0.));
#3016=DIRECTION('',(0.,0.,1.));
#3017=DIRECTION('',(1.,0.,0.));
#3018=DIRECTION('',(1.,0.,0.));
#3019=DIRECTION('',(0.,0.,1.));
#3020=DIRECTION('',(1.,0.,0.));
#3021=DIRECTION('',(1.,0.,0.));
#3022=DIRECTION('',(0.,0.,1.));
#3023=DIRECTION('',(1.,0.,0.));
#3024=DIRECTION('',(1.32168056319109E-16,-1.,0.));
#3025=DIRECTION('',(0.,0.,1.));
#3026=DIRECTION('',(1.,0.,0.));
#3027=DIRECTION('',(0.,0.,1.));
#3028=DIRECTION('',(1.,0.,0.));
#3029=DIRECTION('',(0.,0.,1.));
#3030=DIRECTION('',(1.,0.,0.));
#3031=DIRECTION('',(1.,0.,0.));
#3032=DIRECTION('',(0.,0.,-1.));
#3033=DIRECTION('',(1.,0.,0.));
#3034=DIRECTION('',(0.,0.,1.));
#3035=DIRECTION('',(1.,0.,0.));
#3036=DIRECTION('',(0.,0.,1.));
#3037=DIRECTION('',(1.,0.,0.));
#3038=DIRECTION('',(0.,0.,1.));
#3039=DIRECTION('',(1.,0.,0.));
#3040=DIRECTION('',(0.,0.,1.));
#3041=DIRECTION('',(1.,0.,0.));
#3042=DIRECTION('',(1.,0.,0.));
#3043=DIRECTION('',(0.,0.,-1.));
#3044=DIRECTION('',(0.,0.,-1.));
#3045=DIRECTION('',(0.,-1.,0.));
#3046=DIRECTION('',(0.,0.,-1.));
#3047=DIRECTION('',(0.,-1.,0.));
#3048=DIRECTION('',(0.,1.,0.));
#3049=DIRECTION('',(0.,0.,1.));
#3050=DIRECTION('',(0.,0.,-1.));
#3051=DIRECTION('',(0.,0.,-1.));
#3052=DIRECTION('',(0.,1.,0.));
#3053=DIRECTION('',(0.,0.,1.));
#3054=DIRECTION('',(0.,0.,-1.));
#3055=DIRECTION('',(0.,0.,-1.));
#3056=DIRECTION('',(1.,1.08793326925792E-16,0.));
#3057=DIRECTION('',(-1.08793326925792E-16,1.,0.));
#3058=DIRECTION('',(0.,0.,-1.));
#3059=DIRECTION('',(0.,0.,-1.));
#3060=DIRECTION('',(0.,0.,1.));
#3061=DIRECTION('',(1.,0.,0.));
#3062=DIRECTION('',(-1.,0.,0.));
#3063=DIRECTION('',(0.,0.,1.));
#3064=DIRECTION('',(1.,0.,0.));
#3065=DIRECTION('',(0.,0.,1.));
#3066=DIRECTION('',(1.,0.,0.));
#3067=DIRECTION('',(0.,0.,1.));
#3068=DIRECTION('',(1.,0.,0.));
#3069=DIRECTION('',(0.,0.,1.));
#3070=DIRECTION('',(1.,0.,0.));
#3071=DIRECTION('',(1.58712114817927E-16,-1.,0.));
#3072=DIRECTION('',(-1.,-1.58712114817927E-16,0.));
#3073=DIRECTION('',(-1.,-1.58712114817927E-16,0.));
#3074=DIRECTION('',(0.,0.,1.));
#3075=DIRECTION('',(1.,0.,0.));
#3076=DIRECTION('',(1.,0.,0.));
#3077=DIRECTION('',(0.,0.,1.));
#3078=DIRECTION('',(1.,0.,0.));
#3079=DIRECTION('',(1.26219077887356E-16,-1.,0.));
#3080=DIRECTION('',(0.,0.,1.));
#3081=DIRECTION('',(1.,0.,0.));
#3082=DIRECTION('',(1.,0.,0.));
#3083=DIRECTION('',(0.,0.,1.));
#3084=DIRECTION('',(1.,0.,0.));
#3085=DIRECTION('',(0.,0.,-1.));
#3086=DIRECTION('',(-1.,0.,0.));
#3087=DIRECTION('',(0.,0.,-1.));
#3088=DIRECTION('',(-1.,0.,0.));
#3089=DIRECTION('',(0.,0.,-1.));
#3090=DIRECTION('',(-1.,0.,0.));
#3091=DIRECTION('',(0.,0.,-1.));
#3092=DIRECTION('',(-1.,0.,0.));
#3093=DIRECTION('',(0.,0.,-1.));
#3094=DIRECTION('',(-1.,0.,0.));
#3095=DIRECTION('',(0.,0.,1.));
#3096=DIRECTION('',(1.,0.,0.));
#3097=DIRECTION('',(0.,1.,0.));
#3098=DIRECTION('',(0.,0.,1.));
#3099=DIRECTION('',(0.,0.,-1.));
#3100=DIRECTION('',(1.,0.,0.));
#3101=DIRECTION('',(0.,0.,-1.));
#3102=DIRECTION('',(1.,0.,0.));
#3103=DIRECTION('',(0.,0.,-1.));
#3104=DIRECTION('',(0.,0.,-1.));
#3105=DIRECTION('',(0.,0.,-1.));
#3106=DIRECTION('',(0.,0.,-1.));
#3107=DIRECTION('',(-1.,0.,0.));
#3108=DIRECTION('',(0.,0.,-1.));
#3109=DIRECTION('',(0.,0.,1.));
#3110=DIRECTION('',(1.,0.,0.));
#3111=DIRECTION('',(0.,0.,-1.));
#3112=DIRECTION('',(-1.,0.,0.));
#3113=DIRECTION('',(0.,0.,-1.));
#3114=DIRECTION('',(0.,1.,0.));
#3115=DIRECTION('',(0.,0.,1.));
#3116=DIRECTION('',(0.,0.,-1.));
#3117=DIRECTION('',(0.,0.,-1.));
#3118=DIRECTION('',(0.,0.,-1.));
#3119=DIRECTION('',(-1.,0.,0.));
#3120=DIRECTION('',(0.,0.,-1.));
#3121=DIRECTION('',(0.,0.,1.));
#3122=DIRECTION('',(1.,0.,0.));
#3123=DIRECTION('',(0.,0.,1.));
#3124=DIRECTION('',(1.,0.,0.));
#3125=DIRECTION('',(1.,1.32168056319109E-16,0.));
#3126=DIRECTION('',(-1.32168056319109E-16,1.,0.));
#3127=DIRECTION('',(0.,0.,-1.));
#3128=DIRECTION('',(0.,0.,-1.));
#3129=DIRECTION('',(1.,1.26219077887356E-16,0.));
#3130=DIRECTION('',(-1.26219077887356E-16,1.,0.));
#3131=DIRECTION('',(0.,0.,-1.));
#3132=DIRECTION('',(1.26219077887356E-16,-1.,0.));
#3133=DIRECTION('',(0.,0.,-1.));
#3134=DIRECTION('',(0.,0.,-1.));
#3135=DIRECTION('',(-1.,0.,0.));
#3136=DIRECTION('',(0.,0.,-1.));
#3137=DIRECTION('',(0.,0.,1.));
#3138=DIRECTION('',(1.,0.,0.));
#3139=DIRECTION('',(0.,1.,0.));
#3140=DIRECTION('',(0.,0.,1.));
#3141=DIRECTION('',(0.,0.,-1.));
#3142=DIRECTION('',(1.,0.,0.));
#3143=DIRECTION('',(0.,0.,-1.));
#3144=DIRECTION('',(-1.,0.,0.));
#3145=DIRECTION('',(0.,0.,1.));
#3146=DIRECTION('',(1.,0.,0.));
#3147=DIRECTION('',(1.,1.58712114817927E-16,0.));
#3148=DIRECTION('',(-1.58712114817927E-16,1.,0.));
#3149=DIRECTION('',(0.,0.,-1.));
#3150=DIRECTION('',(0.,0.,-1.));
#3151=DIRECTION('',(1.58712114817927E-16,-1.,0.));
#3152=DIRECTION('',(1.,0.,0.));
#3153=DIRECTION('',(0.,0.,-1.));
#3154=DIRECTION('',(0.,0.,-1.));
#3155=DIRECTION('',(0.,0.,-1.));
#3156=DIRECTION('',(0.,-1.,0.));
#3157=DIRECTION('',(0.,-1.,0.));
#3158=DIRECTION('',(0.,0.,-1.));
#3159=DIRECTION('',(0.,0.,-1.));
#3160=DIRECTION('',(-1.,0.,0.));
#3161=DIRECTION('',(1.,0.,0.));
#3162=DIRECTION('',(0.,0.,-1.));
#3163=DIRECTION('',(0.,0.,-1.));
#3164=DIRECTION('',(0.,-1.,0.));
#3165=DIRECTION('',(0.,-1.,0.));
#3166=DIRECTION('',(0.,0.,-1.));
#3167=DIRECTION('',(0.,0.,-1.));
#3168=DIRECTION('',(-1.,0.,0.));
#3169=DIRECTION('',(1.,0.,0.));
#3170=DIRECTION('',(0.,0.,-1.));
#3171=DIRECTION('',(0.,0.,-1.));
#3172=DIRECTION('',(0.,-1.,0.));
#3173=DIRECTION('',(0.,1.,0.));
#3174=DIRECTION('',(0.,0.,1.));
#3175=DIRECTION('',(0.,0.,-1.));
#3176=DIRECTION('',(1.,0.,0.));
#3177=DIRECTION('',(-1.,0.,0.));
#3178=DIRECTION('',(0.,0.,1.));
#3179=DIRECTION('',(0.,0.,-1.));
#3180=DIRECTION('',(0.,1.,0.));
#3181=DIRECTION('',(0.,1.,0.));
#3182=DIRECTION('',(0.,0.,1.));
#3183=DIRECTION('',(0.,0.,-1.));
#3184=DIRECTION('',(1.,0.,0.));
#3185=DIRECTION('',(-1.,0.,0.));
#3186=DIRECTION('',(0.,0.,1.));
#3187=DIRECTION('',(0.,0.,-1.));
#3188=DIRECTION('',(0.,1.,0.));
#3189=DIRECTION('',(0.,1.,0.));
#3190=DIRECTION('',(0.,0.,1.));
#3191=DIRECTION('',(1.,0.,0.));
#3192=DIRECTION('',(0.,0.,1.));
#3193=DIRECTION('',(1.,0.,0.));
#3194=DIRECTION('',(1.,0.,0.));
#3195=DIRECTION('',(0.,0.,-1.));
#3196=DIRECTION('',(0.,0.,-1.));
#3197=DIRECTION('',(1.,0.,0.));
#3198=DIRECTION('',(0.,0.,-1.));
#3199=DIRECTION('',(0.,0.,-1.));
#3200=DIRECTION('',(0.,-1.,0.));
#3201=DIRECTION('',(0.,1.,0.));
#3202=DIRECTION('',(0.,0.,1.));
#3203=DIRECTION('',(0.,0.,-1.));
#3204=DIRECTION('',(1.,0.,0.));
#3205=DIRECTION('',(1.,0.,0.));
#3206=DIRECTION('',(0.,0.,-1.));
#3207=DIRECTION('',(0.,0.,-1.));
#3208=DIRECTION('',(0.,-1.,0.));
#3209=DIRECTION('',(0.,1.,0.));
#3210=DIRECTION('',(0.,0.,1.));
#3211=DIRECTION('',(0.,0.,-1.));
#3212=DIRECTION('',(1.,0.,0.));
#3213=DIRECTION('',(-1.,0.,0.));
#3214=DIRECTION('',(0.,0.,1.));
#3215=DIRECTION('',(0.,0.,-1.));
#3216=DIRECTION('',(0.,1.,0.));
#3217=DIRECTION('',(0.,-1.,0.));
#3218=DIRECTION('',(0.,0.,-1.));
#3219=DIRECTION('',(0.,0.,-1.));
#3220=DIRECTION('',(-1.,0.,0.));
#3221=DIRECTION('',(-1.,0.,0.));
#3222=DIRECTION('',(0.,0.,1.));
#3223=DIRECTION('',(0.,0.,-1.));
#3224=DIRECTION('',(0.,1.,0.));
#3225=DIRECTION('',(0.,-1.,0.));
#3226=DIRECTION('',(0.,0.,-1.));
#3227=DIRECTION('',(0.,0.,-1.));
#3228=DIRECTION('',(0.,0.,-1.));
#3229=DIRECTION('',(-1.,0.,0.));
#3230=DIRECTION('',(0.,0.,-1.));
#3231=DIRECTION('',(-1.,0.,0.));
#3232=DIRECTION('',(0.,0.,1.));
#3233=DIRECTION('',(1.,0.,0.));
#3234=DIRECTION('',(0.,0.,1.));
#3235=DIRECTION('',(1.,0.,0.));
#3236=DIRECTION('',(0.,0.,1.));
#3237=DIRECTION('',(1.,0.,0.));
#3238=DIRECTION('',(0.,0.,-1.));
#3239=DIRECTION('',(-1.,0.,0.));
#3240=DIRECTION('',(0.,0.,1.));
#3241=DIRECTION('',(1.,0.,0.));
#3242=DIRECTION('',(0.,0.,1.));
#3243=DIRECTION('',(1.,0.,0.));
#3244=DIRECTION('',(0.,0.,-1.));
#3245=DIRECTION('',(-1.,0.,0.));
#3246=DIRECTION('',(0.,0.,1.));
#3247=DIRECTION('',(1.,0.,0.));
#3248=DIRECTION('',(0.,0.,1.));
#3249=DIRECTION('',(1.,0.,0.));
#3250=DIRECTION('',(0.,0.,1.));
#3251=DIRECTION('',(1.,0.,0.));
#3252=DIRECTION('',(0.,0.,1.));
#3253=DIRECTION('',(1.,0.,0.));
#3254=DIRECTION('',(0.,0.,1.));
#3255=DIRECTION('',(1.,0.,0.));
#3256=DIRECTION('',(0.,0.,-1.));
#3257=DIRECTION('',(-1.,0.,0.));
#3258=DIRECTION('',(0.,0.,1.));
#3259=DIRECTION('',(1.,0.,0.));
#3260=DIRECTION('',(0.,0.,1.));
#3261=DIRECTION('',(1.,0.,0.));
#3262=DIRECTION('',(0.,0.,-1.));
#3263=DIRECTION('',(-1.,0.,0.));
#3264=DIRECTION('',(0.,0.,1.));
#3265=DIRECTION('',(1.,0.,0.));
#3266=DIRECTION('',(0.,0.,1.));
#3267=DIRECTION('',(1.,0.,0.));
#3268=DIRECTION('',(0.,0.,1.));
#3269=DIRECTION('',(1.,0.,0.));
#3270=DIRECTION('',(0.,0.,-1.));
#3271=DIRECTION('',(-1.,0.,0.));
#3272=DIRECTION('',(0.,0.,1.));
#3273=DIRECTION('',(1.,0.,0.));
#3274=DIRECTION('',(0.,0.,1.));
#3275=DIRECTION('',(1.,0.,0.));
#3276=DIRECTION('',(0.,0.,-1.));
#3277=DIRECTION('',(-1.,0.,0.));
#3278=DIRECTION('',(0.,0.,1.));
#3279=DIRECTION('',(1.,0.,0.));
#3280=DIRECTION('',(0.,0.,1.));
#3281=DIRECTION('',(1.,0.,0.));
#3282=DIRECTION('',(0.,0.,1.));
#3283=DIRECTION('',(1.,0.,0.));
#3284=DIRECTION('',(0.,0.,-1.));
#3285=DIRECTION('',(-1.,0.,0.));
#3286=DIRECTION('',(0.,0.,1.));
#3287=DIRECTION('',(1.,0.,0.));
#3288=DIRECTION('',(0.,0.,1.));
#3289=DIRECTION('',(1.,0.,0.));
#3290=DIRECTION('',(0.,0.,-1.));
#3291=DIRECTION('',(-1.,0.,0.));
#3292=DIRECTION('',(0.,0.,1.));
#3293=DIRECTION('',(1.,0.,0.));
#3294=DIRECTION('',(0.,0.,1.));
#3295=DIRECTION('',(1.,0.,0.));
#3296=DIRECTION('',(0.,0.,1.));
#3297=DIRECTION('',(1.,0.,0.));
#3298=DIRECTION('',(0.,0.,-1.));
#3299=DIRECTION('',(-1.,0.,0.));
#3300=DIRECTION('',(0.,0.,1.));
#3301=DIRECTION('',(1.,0.,0.));
#3302=DIRECTION('',(0.,0.,1.));
#3303=DIRECTION('',(1.,0.,0.));
#3304=DIRECTION('',(0.,0.,-1.));
#3305=DIRECTION('',(-1.,0.,0.));
#3306=DIRECTION('',(0.,0.,1.));
#3307=DIRECTION('',(1.,0.,0.));
#3308=DIRECTION('',(0.,0.,1.));
#3309=DIRECTION('',(1.,0.,0.));
#3310=DIRECTION('',(0.,0.,1.));
#3311=DIRECTION('',(1.,0.,0.));
#3312=DIRECTION('',(0.,0.,-1.));
#3313=DIRECTION('',(-1.,0.,0.));
#3314=DIRECTION('',(0.,0.,1.));
#3315=DIRECTION('',(1.,0.,0.));
#3316=DIRECTION('',(0.,0.,1.));
#3317=DIRECTION('',(1.,0.,0.));
#3318=DIRECTION('',(0.,0.,-1.));
#3319=DIRECTION('',(-1.,0.,0.));
#3320=DIRECTION('',(0.,0.,1.));
#3321=DIRECTION('',(1.,0.,0.));
#3322=DIRECTION('',(0.,0.,1.));
#3323=DIRECTION('',(1.,0.,0.));
#3324=DIRECTION('',(0.,0.,1.));
#3325=DIRECTION('',(1.,0.,0.));
#3326=DIRECTION('',(0.,0.,-1.));
#3327=DIRECTION('',(-1.,0.,0.));
#3328=DIRECTION('',(0.,0.,1.));
#3329=DIRECTION('',(1.,0.,0.));
#3330=DIRECTION('',(0.,0.,1.));
#3331=DIRECTION('',(1.,0.,0.));
#3332=DIRECTION('',(0.,0.,-1.));
#3333=DIRECTION('',(-1.,0.,0.));
#3334=DIRECTION('',(0.,0.,1.));
#3335=DIRECTION('',(1.,0.,0.));
#3336=DIRECTION('',(0.,0.,1.));
#3337=DIRECTION('',(1.,0.,0.));
#3338=DIRECTION('',(0.,0.,1.));
#3339=DIRECTION('',(1.,0.,0.));
#3340=DIRECTION('',(0.,0.,-1.));
#3341=DIRECTION('',(-1.,0.,0.));
#3342=DIRECTION('',(0.,0.,1.));
#3343=DIRECTION('',(1.,0.,0.));
#3344=DIRECTION('',(0.,0.,1.));
#3345=DIRECTION('',(1.,0.,0.));
#3346=DIRECTION('',(0.,-1.,0.));
#3347=DIRECTION('',(0.,0.,-1.));
#3348=DIRECTION('',(-1.,0.,0.));
#3349=DIRECTION('',(0.,0.,-1.));
#3350=DIRECTION('',(-1.,0.,0.));
#3351=DIRECTION('',(0.,0.,1.));
#3352=DIRECTION('',(1.,0.,0.));
#3353=DIRECTION('',(0.,0.,1.));
#3354=DIRECTION('',(1.,0.,0.));
#3355=DIRECTION('',(0.,0.,-1.));
#3356=DIRECTION('',(-1.,0.,0.));
#3357=DIRECTION('',(0.,0.,1.));
#3358=DIRECTION('',(1.,0.,0.));
#3359=DIRECTION('',(0.,0.,-1.));
#3360=DIRECTION('',(-1.,0.,0.));
#3361=DIRECTION('',(0.,0.,1.));
#3362=DIRECTION('',(1.,0.,0.));
#3363=DIRECTION('',(0.,0.,1.));
#3364=DIRECTION('',(1.,0.,0.));
#3365=DIRECTION('',(0.,0.,-1.));
#3366=DIRECTION('',(-1.,0.,0.));
#3367=DIRECTION('',(0.,0.,1.));
#3368=DIRECTION('',(1.,0.,0.));
#3369=DIRECTION('',(0.,0.,1.));
#3370=DIRECTION('',(1.,0.,0.));
#3371=DIRECTION('',(0.,0.,-1.));
#3372=DIRECTION('',(-1.,0.,0.));
#3373=DIRECTION('',(0.,0.,1.));
#3374=DIRECTION('',(1.,0.,0.));
#3375=DIRECTION('',(0.,0.,-1.));
#3376=DIRECTION('',(-1.,0.,0.));
#3377=DIRECTION('',(0.,0.,1.));
#3378=DIRECTION('',(1.,0.,0.));
#3379=DIRECTION('',(0.,0.,1.));
#3380=DIRECTION('',(1.,0.,0.));
#3381=DIRECTION('',(0.,0.,-1.));
#3382=DIRECTION('',(-1.,0.,0.));
#3383=DIRECTION('',(0.,0.,1.));
#3384=DIRECTION('',(1.,0.,0.));
#3385=DIRECTION('',(0.,0.,1.));
#3386=DIRECTION('',(1.,0.,0.));
#3387=DIRECTION('',(0.,0.,1.));
#3388=DIRECTION('',(1.,0.,0.));
#3389=DIRECTION('',(0.,0.,1.));
#3390=DIRECTION('',(1.,0.,0.));
#3391=DIRECTION('',(0.,0.,-1.));
#3392=DIRECTION('',(-1.,0.,0.));
#3393=DIRECTION('',(0.,0.,1.));
#3394=DIRECTION('',(1.,0.,0.));
#3395=DIRECTION('',(0.,0.,1.));
#3396=DIRECTION('',(1.,0.,0.));
#3397=DIRECTION('',(0.,0.,-1.));
#3398=DIRECTION('',(-1.,0.,0.));
#3399=DIRECTION('',(0.,0.,1.));
#3400=DIRECTION('',(1.,0.,0.));
#3401=DIRECTION('',(0.,0.,1.));
#3402=DIRECTION('',(1.,0.,0.));
#3403=DIRECTION('',(0.,0.,1.));
#3404=DIRECTION('',(1.,0.,0.));
#3405=DIRECTION('',(0.,0.,-1.));
#3406=DIRECTION('',(-1.,0.,0.));
#3407=DIRECTION('',(0.,0.,-1.));
#3408=DIRECTION('',(-1.,0.,0.));
#3409=DIRECTION('',(0.,0.,-1.));
#3410=DIRECTION('',(-1.,0.,0.));
#3411=DIRECTION('',(0.,0.,-1.));
#3412=DIRECTION('',(-1.,0.,0.));
#3413=DIRECTION('',(0.,0.,-1.));
#3414=DIRECTION('',(-1.,0.,0.));
#3415=DIRECTION('',(0.,0.,-1.));
#3416=DIRECTION('',(-1.,0.,0.));
#3417=DIRECTION('',(0.,0.,-1.));
#3418=DIRECTION('',(-1.,0.,0.));
#3419=DIRECTION('',(0.,0.,-1.));
#3420=DIRECTION('',(-1.,0.,0.));
#3421=DIRECTION('',(0.,0.,-1.));
#3422=DIRECTION('',(-1.,0.,0.));
#3423=DIRECTION('',(0.,0.,-1.));
#3424=DIRECTION('',(-1.,0.,0.));
#3425=DIRECTION('',(0.,0.,-1.));
#3426=DIRECTION('',(-1.,0.,0.));
#3427=DIRECTION('',(0.,0.,-1.));
#3428=DIRECTION('',(-1.,0.,0.));
#3429=DIRECTION('',(-1.,-1.58712114817927E-16,0.));
#3430=DIRECTION('',(0.,0.707210928217794,-0.707002618813627));
#3431=DIRECTION('',(-1.,-1.58712114817927E-16,0.));
#3432=DIRECTION('',(-1.,-1.58712114817927E-16,0.));
#3433=DIRECTION('',(0.,-0.707210928217916,-0.707002618813505));
#3434=DIRECTION('',(-1.,-1.58712114817927E-16,0.));
#3435=DIRECTION('',(1.58712114817927E-16,-1.,0.));
#3436=DIRECTION('',(1.,1.58712114817927E-16,0.));
#3437=DIRECTION('',(0.,0.,-1.));
#3438=DIRECTION('',(1.,1.58712114817927E-16,0.));
#3439=DIRECTION('',(0.,0.,-1.));
#3440=DIRECTION('',(1.58712114817927E-16,-1.,0.));
#3441=DIRECTION('',(1.,1.58712114817927E-16,0.));
#3442=DIRECTION('',(0.,0.,-1.));
#3443=DIRECTION('',(1.,1.58712114817927E-16,0.));
#3444=DIRECTION('',(0.,0.,-1.));
#3445=DIRECTION('',(0.,-2.12286785372662E-13,1.));
#3446=DIRECTION('',(0.,-1.,-2.12286785372662E-13));
#3447=DIRECTION('',(0.,0.,-1.));
#3448=DIRECTION('',(-1.,0.,0.));
#3449=DIRECTION('',(0.707106781186548,1.12226412644214E-16,-0.707106781186548));
#3450=DIRECTION('',(-0.707106781186548,-1.12226412644214E-16,-0.707106781186548));
#3451=DIRECTION('',(0.,-2.12069944938165E-13,1.));
#3452=DIRECTION('',(0.,-1.,-2.12069944938165E-13));
#3453=DIRECTION('',(1.,0.,0.));
#3454=DIRECTION('',(0.,0.,-1.));
#3455=DIRECTION('',(1.,0.,0.));
#3456=DIRECTION('',(0.,0.,-1.));
#3457=DIRECTION('',(0.707106781186548,-0.707106781186548,0.));
#3458=DIRECTION('',(-0.707106781186548,-0.707106781186548,0.));
#3459=DIRECTION('',(0.,-1.,0.));
#3460=DIRECTION('',(0.,0.,-1.));
#3461=DIRECTION('',(1.,1.58712114817927E-16,0.));
#3462=DIRECTION('',(-1.58712114817927E-16,1.,0.));
#3463=DIRECTION('',(-1.,0.,-1.38777878078144E-14));
#3464=DIRECTION('',(-1.38777878078144E-14,0.,1.));
#3465=DIRECTION('',(0.,0.,1.));
#3466=DIRECTION('',(1.,0.,0.));
#3467=DIRECTION('',(0.,0.,1.));
#3468=DIRECTION('',(1.,0.,0.));
#3469=DIRECTION('',(0.,0.,1.));
#3470=DIRECTION('',(1.,0.,0.));
#3471=DIRECTION('',(0.,-1.,0.));
#3472=DIRECTION('',(0.,0.,-1.));
#3473=DIRECTION('',(0.,-1.,0.));
#3474=DIRECTION('',(0.,0.,-1.));
#3475=DIRECTION('',(-1.58712114817927E-16,1.,0.));
#3476=DIRECTION('',(-1.,-1.58712114817927E-16,0.));
#3477=DIRECTION('',(0.,1.,0.));
#3478=DIRECTION('',(0.,0.,1.));
#3479=DIRECTION('',(0.,0.,1.));
#3480=DIRECTION('',(1.,0.,0.));
#3481=DIRECTION('',(1.,1.38777878078144E-14,0.));
#3482=DIRECTION('',(-1.38777878078144E-14,1.,0.));
#3483=DIRECTION('',(1.,0.,0.));
#3484=DIRECTION('',(0.,0.,-1.));
#3485=DIRECTION('',(1.,0.,0.));
#3486=DIRECTION('',(0.,0.,-1.));
#3487=DIRECTION('',(0.,0.,1.));
#3488=DIRECTION('',(1.,0.,0.));
#3489=DIRECTION('',(0.,0.,1.));
#3490=DIRECTION('',(1.,0.,0.));
#3491=DIRECTION('',(0.,-1.,0.));
#3492=DIRECTION('',(0.,0.,-1.));
#3493=DIRECTION('',(1.26219077887356E-16,-1.,0.));
#3494=DIRECTION('',(1.,1.26219077887356E-16,0.));
#3495=DIRECTION('',(0.,-1.,0.));
#3496=DIRECTION('',(0.,0.,-1.));
#3497=DIRECTION('',(0.,0.,1.));
#3498=DIRECTION('',(1.,0.,0.));
#3499=DIRECTION('',(0.,0.,1.));
#3500=DIRECTION('',(1.,0.,0.));
#3501=DIRECTION('',(0.,0.,-1.));
#3502=DIRECTION('',(-1.,0.,0.));
#3503=DIRECTION('',(0.,0.,1.));
#3504=DIRECTION('',(1.,0.,0.));
#3505=DIRECTION('',(-1.,0.,0.));
#3506=DIRECTION('',(0.,0.,1.));
#3507=DIRECTION('',(0.,0.,1.));
#3508=DIRECTION('',(1.,0.,0.));
#3509=DIRECTION('',(-1.,0.,0.));
#3510=DIRECTION('',(0.,0.,1.));
#3511=DIRECTION('',(-1.,0.,0.));
#3512=DIRECTION('',(0.,0.,1.));
#3513=DIRECTION('',(0.,0.,1.));
#3514=DIRECTION('',(1.,0.,0.));
#3515=DIRECTION('',(-0.707106781186548,-1.12226412644214E-16,0.707106781186548));
#3516=DIRECTION('',(-0.707106781186548,-1.12226412644214E-16,-0.707106781186548));
#3517=DIRECTION('',(0.,0.,1.));
#3518=DIRECTION('',(1.,0.,0.));
#3519=DIRECTION('',(0.,0.,-1.));
#3520=DIRECTION('',(-1.,0.,0.));
#3521=DIRECTION('',(0.,0.,1.));
#3522=DIRECTION('',(1.,0.,0.));
#3523=DIRECTION('',(0.,1.,0.));
#3524=DIRECTION('',(0.,0.,1.));
#3525=DIRECTION('',(-1.,-1.58712114817927E-16,0.));
#3526=DIRECTION('',(1.58712114817927E-16,-1.,0.));
#3527=DIRECTION('',(-1.,0.,0.));
#3528=DIRECTION('',(0.,0.,1.));
#3529=DIRECTION('',(-1.58712114817927E-16,1.,0.));
#3530=DIRECTION('',(-1.,-1.58712114817927E-16,0.));
#3531=DIRECTION('',(0.,1.,0.));
#3532=DIRECTION('',(0.,0.,1.));
#3533=DIRECTION('',(0.,0.,1.));
#3534=DIRECTION('',(1.,0.,0.));
#3535=DIRECTION('',(0.,0.,1.));
#3536=DIRECTION('',(1.,0.,0.));
#3537=DIRECTION('',(0.,0.,-1.));
#3538=DIRECTION('',(-1.,0.,0.));
#3539=DIRECTION('',(0.,-8.67361737988403E-16,-1.));
#3540=DIRECTION('',(0.,1.,-8.67361737988403E-16));
#3541=DIRECTION('',(0.,0.,1.));
#3542=DIRECTION('',(1.,0.,0.));
#3543=DIRECTION('',(0.,0.,1.));
#3544=DIRECTION('',(1.,0.,0.));
#3545=DIRECTION('',(0.,0.,1.));
#3546=DIRECTION('',(1.,0.,0.));
#3547=DIRECTION('',(0.,0.,1.));
#3548=DIRECTION('',(1.,0.,0.));
#3549=DIRECTION('',(0.,0.,1.));
#3550=DIRECTION('',(1.,0.,0.));
#3551=DIRECTION('',(0.,0.,1.));
#3552=DIRECTION('',(1.,0.,0.));
#3553=DIRECTION('',(0.,0.,1.));
#3554=DIRECTION('',(1.,0.,0.));
#3555=DIRECTION('',(0.,0.,1.));
#3556=DIRECTION('',(1.,0.,0.));
#3557=DIRECTION('',(0.,0.,-1.));
#3558=DIRECTION('',(1.,0.,0.));
#3559=DIRECTION('',(-1.,0.,0.));
#3560=DIRECTION('',(-1.58712114817927E-16,1.,0.));
#3561=DIRECTION('',(0.,0.,-1.));
#3562=DIRECTION('',(-1.,0.,0.));
#3563=DIRECTION('',(1.,0.,0.));
#3564=DIRECTION('',(1.,0.,0.));
#3565=DIRECTION('',(0.,0.,-1.));
#3566=DIRECTION('',(-1.,0.,0.));
#3567=DIRECTION('',(1.26219077887356E-16,-1.,0.));
#3568=DIRECTION('',(1.,0.,0.));
#3569=DIRECTION('',(0.,0.,-1.));
#3570=DIRECTION('',(1.,0.,0.));
#3571=DIRECTION('',(0.,0.,-1.));
#3572=DIRECTION('',(1.,0.,0.));
#3573=DIRECTION('',(0.,0.,-1.));
#3574=DIRECTION('',(0.,0.,-1.));
#3575=DIRECTION('',(-1.,0.,0.));
#3576=DIRECTION('',(0.,-1.,0.));
#3577=DIRECTION('',(0.,0.,-1.));
#3578=DIRECTION('',(1.26219077887356E-16,-1.,0.));
#3579=DIRECTION('',(1.,1.26219077887356E-16,0.));
#3580=DIRECTION('',(1.58712114817927E-16,-1.,0.));
#3581=DIRECTION('',(1.,1.58712114817927E-16,0.));
#3582=DIRECTION('',(0.,1.,0.));
#3583=DIRECTION('',(0.,0.,1.));
#3584=DIRECTION('',(0.,0.,-1.));
#3585=DIRECTION('',(-1.,0.,0.));
#3586=DIRECTION('',(1.,0.,0.));
#3587=DIRECTION('',(0.,0.,-1.));
#3588=DIRECTION('',(1.,0.,0.));
#3589=DIRECTION('',(0.,0.,-1.));
#3590=CARTESIAN_POINT('',(0.,0.,0.));
#3591=CARTESIAN_POINT('',(-0.0626073997914791,-0.0375900007688999,0.018591));
#3592=CARTESIAN_POINT('',(-0.0626073997914791,-0.0375900007688999,-0.00459));
#3593=CARTESIAN_POINT('',(-0.0626073997914791,-0.0594500015377998,-0.00459));
#3594=CARTESIAN_POINT('',(-0.0626073997914791,0.0219758453301395,-0.00459));
#3595=CARTESIAN_POINT('',(-0.0626073997914791,-0.0594500015377999,0.018591));
#3596=CARTESIAN_POINT('',(-0.0626073997914791,-0.0594500015377999,0.));
#3597=CARTESIAN_POINT('',(-0.0626073997914791,-0.0375900007688999,0.));
#3598=CARTESIAN_POINT('',(-0.0626073997914791,0.0510395298504563,0.));
#3599=CARTESIAN_POINT('',(-0.0626073997914791,0.0510395298504563,0.018591));
#3600=CARTESIAN_POINT('',(-0.0626073997914791,0.0510395298504563,-0.00409));
#3601=CARTESIAN_POINT('',(-0.0626073997914791,0.0230384426895694,-0.00409));
#3602=CARTESIAN_POINT('',(-0.0626073997914791,0.0219758453301395,-0.00409));
#3603=CARTESIAN_POINT('',(-0.0626073997914791,0.0219758453301395,0.018591));
#3604=CARTESIAN_POINT('',(-0.0165734648209677,0.055,0.018591));
#3605=CARTESIAN_POINT('',(-0.00377452308339614,0.055,0.018591));
#3606=CARTESIAN_POINT('',(-0.00377452308339614,0.055,-0.00409));
#3607=CARTESIAN_POINT('',(-0.00377452308339614,0.055,-0.00459));
#3608=CARTESIAN_POINT('',(-0.0165734648209677,0.055,-0.00459));
#3609=CARTESIAN_POINT('',(-0.0292571074174738,0.055,-0.00459));
#3610=CARTESIAN_POINT('',(-0.0292571074174738,0.055,0.018591));
#3611=CARTESIAN_POINT('',(-0.0292571074174738,0.055,-0.00409));
#3612=CARTESIAN_POINT('',(-0.0165734648209677,0.055,-0.00409));
#3613=CARTESIAN_POINT('',(-0.0586469296419354,0.055,-0.00409));
#3614=CARTESIAN_POINT('',(-0.0586469296419354,0.055,0.018591));
#3615=CARTESIAN_POINT('',(-0.0586469296419354,0.055,0.));
#3616=CARTESIAN_POINT('',(-0.0165734648209677,0.055,0.));
#3617=CARTESIAN_POINT('',(0.0255,0.055,0.));
#3618=CARTESIAN_POINT('',(0.0255,0.055,0.018591));
#3619=CARTESIAN_POINT('',(0.0255,0.055,-0.00409));
#3620=CARTESIAN_POINT('',(-0.0165734648209677,0.055,-0.00409));
#3621=CARTESIAN_POINT('',(0.03,-0.00447500076889991,0.018591));
#3622=CARTESIAN_POINT('',(0.03,-0.0594500015377998,0.018591));
#3623=CARTESIAN_POINT('',(0.03,-0.0594500015377998,0.));
#3624=CARTESIAN_POINT('',(0.03,-0.0594500015377998,-0.00459));
#3625=CARTESIAN_POINT('',(0.03,-0.00447500076889991,-0.00459));
#3626=CARTESIAN_POINT('',(0.03,0.0219790719025037,-0.00459));
#3627=CARTESIAN_POINT('',(0.03,0.0219790719025037,-0.00459));
#3628=CARTESIAN_POINT('',(0.03,0.0219790719025037,-0.00409));
#3629=CARTESIAN_POINT('',(0.03,-0.00447500076889991,-0.00409));
#3630=CARTESIAN_POINT('',(0.03,0.0505,-0.00409));
#3631=CARTESIAN_POINT('',(0.03,0.0505,0.018591));
#3632=CARTESIAN_POINT('',(0.03,0.0505,0.));
#3633=CARTESIAN_POINT('',(0.03,-0.00447500076889991,0.));
#3634=CARTESIAN_POINT('',(0.0255,-0.0594500015377998,0.018591));
#3635=CARTESIAN_POINT('',(0.0255,-0.0594500015377998,-0.00459));
#3636=CARTESIAN_POINT('',(0.0255,-0.0639500015377999,-0.00459));
#3637=CARTESIAN_POINT('',(0.0255,-0.0594500015377998,0.));
#3638=CARTESIAN_POINT('',(0.0255,-0.0639500015377999,0.));
#3639=CARTESIAN_POINT('',(0.0255,-0.0639500015377999,0.018591));
#3640=CARTESIAN_POINT('',(-0.0372055498957395,-0.0639500015377998,0.018591));
#3641=CARTESIAN_POINT('',(-0.0372055498957395,-0.0639500015377998,-0.00459));
#3642=CARTESIAN_POINT('',(0.00669630010426044,-0.0639500015377998,-0.00459));
#3643=CARTESIAN_POINT('',(-0.0372055498957395,-0.0639500015377998,0.));
#3644=CARTESIAN_POINT('',(-0.0581073997914791,-0.0639500015377998,0.));
#3645=CARTESIAN_POINT('',(-0.0581073997914791,-0.0639500015377998,0.018591));
#3646=CARTESIAN_POINT('',(-0.0581073997914791,-0.0639500015377998,-0.00459));
#3647=CARTESIAN_POINT('',(-0.0372055498957395,-0.0639500015377998,-0.00459));
#3648=CARTESIAN_POINT('',(-0.0393036998957395,-0.0639500015377998,-0.00459));
#3649=CARTESIAN_POINT('',(-0.0393036998957395,-0.0639500015377998,-0.00459));
#3650=CARTESIAN_POINT('',(-0.0393036998957395,-0.0639500015377998,-0.00409));
#3651=CARTESIAN_POINT('',(0.00619630010426044,-0.0639500015377998,-0.00409));
#3652=CARTESIAN_POINT('',(0.00669630010426044,-0.0639500015377998,-0.00409));
#3653=CARTESIAN_POINT('',(0.00669630010426044,-0.0639500015377998,0.018591));
#3654=CARTESIAN_POINT('',(-0.0581073997914791,-0.0594500015377998,0.018591));
#3655=CARTESIAN_POINT('',(-0.0581073997914791,-0.0594500015377998,-0.00459));
#3656=CARTESIAN_POINT('',(-0.0581073997914791,-0.0594500015377998,0.));
#3657=CARTESIAN_POINT('',(0.00669630010426044,-0.0634500015377998,-0.00659));
#3658=CARTESIAN_POINT('',(0.00669630010426044,-0.0634500015377998,-0.00409));
#3659=CARTESIAN_POINT('',(0.00619630010426044,-0.0634500015377998,-0.00459));
#3660=CARTESIAN_POINT('',(0.00669630010426044,-0.0634500015377998,-0.00459));
#3661=CARTESIAN_POINT('',(-0.0393036998957395,-0.0634500015377998,0.018591));
#3662=CARTESIAN_POINT('',(-0.0393036998957395,-0.0634500015377998,-0.00459));
#3663=CARTESIAN_POINT('',(-0.0388036998957395,-0.0634500015377998,-0.00459));
#3664=CARTESIAN_POINT('',(-0.0393036998957395,-0.0634500015377998,-0.00409));
#3665=CARTESIAN_POINT('',(-0.00377452308339614,0.0545,-0.00659));
#3666=CARTESIAN_POINT('',(-0.00377452308339614,0.0545,-0.00409));
#3667=CARTESIAN_POINT('',(-0.00327452308339614,0.0545,-0.00459));
#3668=CARTESIAN_POINT('',(-0.00377452308339614,0.0545,-0.00459));
#3669=CARTESIAN_POINT('',(0.0295,0.0219790719025037,0.018591));
#3670=CARTESIAN_POINT('',(0.0295,0.0219790719025037,-0.00459));
#3671=CARTESIAN_POINT('',(0.0295,0.0224790719025037,-0.00459));
#3672=CARTESIAN_POINT('',(0.0295,0.0219790719025037,-0.00409));
#3673=CARTESIAN_POINT('',(-0.0621073997914791,0.0219758453301395,-0.00659));
#3674=CARTESIAN_POINT('',(-0.0621073997914791,0.0219758453301395,-0.00409));
#3675=CARTESIAN_POINT('',(-0.0621073997914791,0.0224758453301394,-0.00459));
#3676=CARTESIAN_POINT('',(-0.0621073997914791,0.0219758453301395,-0.00459));
#3677=CARTESIAN_POINT('',(-0.0292571074174738,0.0545,0.018591));
#3678=CARTESIAN_POINT('',(-0.0292571074174738,0.0545,-0.00459));
#3679=CARTESIAN_POINT('',(-0.0297571074174738,0.0545,-0.00459));
#3680=CARTESIAN_POINT('',(-0.0292571074174738,0.0545,-0.00409));
#3681=CARTESIAN_POINT('',(-0.0163036998957395,-0.00447500076889991,0.00641));
#3682=CARTESIAN_POINT('',(-0.0586073997914791,-0.0565202558975083,0.00641));
#3683=CARTESIAN_POINT('',(-0.0586073997914791,-0.0497,0.00641));
#3684=CARTESIAN_POINT('',(-0.0586073997914791,-0.05404,0.00641));
#3685=CARTESIAN_POINT('',(-0.0606073997914791,-0.0497,0.00641));
#3686=CARTESIAN_POINT('',(-0.0601073997914791,-0.0497,0.00641));
#3687=CARTESIAN_POINT('',(-0.0601073997914791,-0.0594500015377998,0.00641));
#3688=CARTESIAN_POINT('',(-0.0601073997914791,-0.0579500015377998,0.00641));
#3689=CARTESIAN_POINT('',(-0.0581073997914791,-0.0594500015377998,0.00641));
#3690=CARTESIAN_POINT('',(-0.0586073997914791,-0.0570005117950167,0.00641));
#3691=CARTESIAN_POINT('',(-0.0586073997914791,-0.0565202558975083,0.00641));
#3692=CARTESIAN_POINT('',(-0.0586073997914791,-0.05604,0.00641));
#3693=CARTESIAN_POINT('',(-0.0586073997914791,-0.0565202558975083,0.00641));
#3694=CARTESIAN_POINT('',(-0.0163036998957395,-0.00447500076889991,0.00641));
#3695=CARTESIAN_POINT('',(-0.0601073997914791,-0.02457,0.00641));
#3696=CARTESIAN_POINT('',(-0.0601073997914791,-0.01723,0.00641));
#3697=CARTESIAN_POINT('',(-0.0601073997914791,-0.02407,0.00641));
#3698=CARTESIAN_POINT('',(-0.0163036998957395,-0.02407,0.00641));
#3699=CARTESIAN_POINT('',(-0.0586073997914791,-0.02407,0.00641));
#3700=CARTESIAN_POINT('',(-0.0586073997914791,-0.0565202558975083,0.00641));
#3701=CARTESIAN_POINT('',(-0.0586073997914791,-0.01973,0.00641));
#3702=CARTESIAN_POINT('',(-0.0586073997914791,-0.0565202558975083,0.00641));
#3703=CARTESIAN_POINT('',(-0.0586073997914791,-0.01823,0.00641));
#3704=CARTESIAN_POINT('',(-0.0586073997914791,-0.01823,0.00641));
#3705=CARTESIAN_POINT('',(-0.0591073997914791,-0.01823,0.00641));
#3706=CARTESIAN_POINT('',(-0.0591073997914791,-0.00447500076889991,0.00641));
#3707=CARTESIAN_POINT('',(-0.0591073997914791,-0.0180212878474779,0.00641));
#3708=CARTESIAN_POINT('',(-0.0581073997914791,-0.01573,0.00641));
#3709=CARTESIAN_POINT('',(-0.0163036998957395,-0.00447500076889991,0.00641));
#3710=CARTESIAN_POINT('',(-0.0601073997914791,-0.02457,0.00641));
#3711=CARTESIAN_POINT('',(-0.0601073997914791,0.0510395298504563,0.00641));
#3712=CARTESIAN_POINT('',(-0.0601073997914791,-0.01423,0.00641));
#3713=CARTESIAN_POINT('',(-0.0581073997914791,-0.01573,0.00641));
#3714=CARTESIAN_POINT('',(-0.0586073997914791,-0.0132805102572168,0.00641));
#3715=CARTESIAN_POINT('',(-0.0586073997914791,0.0186097448713916,0.00641));
#3716=CARTESIAN_POINT('',(-0.0586073997914791,0.0505,0.00641));
#3717=CARTESIAN_POINT('',(-0.0581073997914791,0.0505,0.00641));
#3718=CARTESIAN_POINT('',(-0.0581073997914791,0.051,0.00641));
#3719=CARTESIAN_POINT('',(-0.0169235651197821,0.051,0.00641));
#3720=CARTESIAN_POINT('',(0.0237586659495614,0.051,0.00641));
#3721=CARTESIAN_POINT('',(0.0258535533905933,0.0508535533905933,0.00641));
#3722=CARTESIAN_POINT('',(0.0245500145295028,0.0525,0.00641));
#3723=CARTESIAN_POINT('',(-0.0163036998957395,0.0525,0.00641));
#3724=CARTESIAN_POINT('',(-0.0586469296419354,0.0525,0.00641));
#3725=CARTESIAN_POINT('',(-0.0586469296419354,0.0510395298504563,0.00641));
#3726=CARTESIAN_POINT('',(-0.0163036998957395,-0.00447500076889991,0.00641));
#3727=CARTESIAN_POINT('',(0.0275,-0.00447500076889991,0.00641));
#3728=CARTESIAN_POINT('',(0.0275,-0.0579500015377998,0.00641));
#3729=CARTESIAN_POINT('',(0.0275,0.0495500145295028,0.00641));
#3730=CARTESIAN_POINT('',(0.0258535533905933,0.0508535533905933,0.00641));
#3731=CARTESIAN_POINT('',(0.026,0.0487586659495614,0.00641));
#3732=CARTESIAN_POINT('',(0.026,-0.0307502433975083,0.00641));
#3733=CARTESIAN_POINT('',(0.026,-0.0570005117950167,0.00641));
#3734=CARTESIAN_POINT('',(0.0255,-0.0594500015377998,0.00641));
#3735=CARTESIAN_POINT('',(-0.0163036998957395,-0.00447500076889991,0.00641));
#3736=CARTESIAN_POINT('',(-0.0372055498957395,-0.0599500015377998,0.00641));
#3737=CARTESIAN_POINT('',(-0.0556579100486959,-0.0599500015377998,0.00641));
#3738=CARTESIAN_POINT('',(-0.0187531897427831,-0.0599500015377998,0.00641));
#3739=CARTESIAN_POINT('',(-0.0581073997914791,-0.0594500015377998,0.00641));
#3740=CARTESIAN_POINT('',(-0.0566073997914791,-0.0614500015377998,0.00641));
#3741=CARTESIAN_POINT('',(0.0255,-0.0614500015377998,0.00641));
#3742=CARTESIAN_POINT('',(-0.0178037,-0.0614500015377998,0.00641));
#3743=CARTESIAN_POINT('',(-0.0163037,-0.0594500015377998,0.00641));
#3744=CARTESIAN_POINT('',(-0.0586073997914791,-0.0565202558975083,0.00641));
#3745=CARTESIAN_POINT('',(-0.0586073997914791,-0.0565202558975083,0.));
#3746=CARTESIAN_POINT('',(-0.0586073997914791,-0.0495584821011431,1.05722758979585E-18));
#3747=CARTESIAN_POINT('',(-0.0586073997914791,-0.024211517898857,7.3546267116337E-19));
#3748=CARTESIAN_POINT('',(-0.0586073997914791,-0.0495584821011431,1.05722758979585E-18));
#3749=CARTESIAN_POINT('',(-0.0586073997914791,-0.0496520119949725,0.000199799351366883));
#3750=CARTESIAN_POINT('',(-0.0586073997914791,-0.0497,0.000415452087404619));
#3751=CARTESIAN_POINT('',(-0.0586073997914791,-0.0497,0.000636063803272092));
#3752=CARTESIAN_POINT('',(-0.0586073997914791,-0.0497,0.000636063803272092));
#3753=CARTESIAN_POINT('',(-0.0586073997914791,-0.0497,0.00641));
#3754=CARTESIAN_POINT('',(-0.0586073997914791,-0.05404,0.00975));
#3755=CARTESIAN_POINT('',(-0.0586073997914791,-0.05404,-0.00259));
#3756=CARTESIAN_POINT('',(-0.0586073997914791,-0.0565202558975083,-0.00259));
#3757=CARTESIAN_POINT('',(-0.0586073997914791,-0.01973,-0.00259));
#3758=CARTESIAN_POINT('',(-0.0586073997914791,-0.01973,0.00975));
#3759=CARTESIAN_POINT('',(-0.0586073997914791,-0.02407,0.00641));
#3760=CARTESIAN_POINT('',(-0.0586073997914791,-0.02407,0.000636063803272195));
#3761=CARTESIAN_POINT('',(-0.0586073997914791,-0.02407,0.000636063803272195));
#3762=CARTESIAN_POINT('',(-0.0586073997914791,-0.02407,0.000415452087404677));
#3763=CARTESIAN_POINT('',(-0.0586073997914791,-0.0241179880050275,0.000199799351366878));
#3764=CARTESIAN_POINT('',(-0.0586073997914791,-0.024211517898857,1.25823002614824E-18));
#3765=CARTESIAN_POINT('',(-0.0606073997914791,-0.0375900007688999,0.00641));
#3766=CARTESIAN_POINT('',(-0.0606073997914791,-0.0375900007688999,0.));
#3767=CARTESIAN_POINT('',(-0.0606073997914791,0.0510395298504563,0.));
#3768=CARTESIAN_POINT('',(-0.0606073997914791,-0.024211517898857,0.));
#3769=CARTESIAN_POINT('',(-0.0606073997914791,-0.024211517898857,2.02252234569927E-18));
#3770=CARTESIAN_POINT('',(-0.0606073997914791,-0.0241179880050259,0.000199799351366216));
#3771=CARTESIAN_POINT('',(-0.0606073997914791,-0.02407,0.000415452087404677));
#3772=CARTESIAN_POINT('',(-0.0606073997914791,-0.02407,0.000636063803272194));
#3773=CARTESIAN_POINT('',(-0.0606073997914791,-0.02407,0.000636063803272195));
#3774=CARTESIAN_POINT('',(-0.0606073997914791,-0.02407,0.00641));
#3775=CARTESIAN_POINT('',(-0.0606073997914791,-0.02407,0.00591));
#3776=CARTESIAN_POINT('',(-0.0606073997914791,0.0510395298504563,0.00591));
#3777=CARTESIAN_POINT('',(-0.0606073997914791,0.0510395298504563,0.00591));
#3778=CARTESIAN_POINT('',(-0.0606073997914791,0.0510395298504563,0.00641));
#3779=CARTESIAN_POINT('',(-0.0163036998957395,-0.00447500076889991,0.00641));
#3780=CARTESIAN_POINT('',(0.0255,-0.0614500015377998,0.00641));
#3781=CARTESIAN_POINT('',(-0.0148037,-0.0614500015377998,0.00641));
#3782=CARTESIAN_POINT('',(0.024,-0.0614500015377998,0.00641));
#3783=CARTESIAN_POINT('',(0.0255,-0.0594500015377998,0.00641));
#3784=CARTESIAN_POINT('',(0.0230505102572168,-0.0599500015377998,0.00641));
#3785=CARTESIAN_POINT('',(0.00459815,-0.0599500015377998,0.00641));
#3786=CARTESIAN_POINT('',(-0.0138542102572168,-0.0599500015377998,0.00641));
#3787=CARTESIAN_POINT('',(-0.0163037,-0.0594500015377998,0.00641));
#3788=CARTESIAN_POINT('',(-0.0163036998957395,-0.00447500076889991,-0.00259));
#3789=CARTESIAN_POINT('',(-0.0293840430676937,-0.00956813432276249,-0.00259));
#3790=CARTESIAN_POINT('',(-0.0248840430676937,-0.00956813432276249,-0.00259));
#3791=CARTESIAN_POINT('',(-0.021,0.046,-0.00259));
#3792=CARTESIAN_POINT('',(-0.0174,0.046,-0.00259));
#3793=CARTESIAN_POINT('',(0.021,-0.046,-0.00259));
#3794=CARTESIAN_POINT('',(0.0246,-0.046,-0.00259));
#3795=CARTESIAN_POINT('',(-0.021,-0.046,-0.00259));
#3796=CARTESIAN_POINT('',(-0.0174,-0.046,-0.00259));
#3797=CARTESIAN_POINT('',(-0.0586073997914791,0.0186097448713916,-0.00259));
#3798=CARTESIAN_POINT('',(-0.0586073997914791,0.0505,-0.00259));
#3799=CARTESIAN_POINT('',(-0.0586073997914791,-0.0112578640450004,-0.00259));
#3800=CARTESIAN_POINT('',(-0.0581073997914791,-0.01573,-0.00259));
#3801=CARTESIAN_POINT('',(-0.0540762709173298,-0.01773,-0.00259));
#3802=CARTESIAN_POINT('',(-0.0549286998957396,-0.01773,-0.00259));
#3803=CARTESIAN_POINT('',(-0.05325,-0.01773,-0.00259));
#3804=CARTESIAN_POINT('',(-0.05325,-0.02005,-0.00259));
#3805=CARTESIAN_POINT('',(-0.05325,-0.02237,-0.00259));
#3806=CARTESIAN_POINT('',(-0.04975,-0.02237,-0.00259));
#3807=CARTESIAN_POINT('',(-0.04625,-0.02237,-0.00259));
#3808=CARTESIAN_POINT('',(-0.04625,-0.02337,-0.00259));
#3809=CARTESIAN_POINT('',(-0.04625,-0.02437,-0.00259));
#3810=CARTESIAN_POINT('',(-0.05075,-0.02437,-0.00259));
#3811=CARTESIAN_POINT('',(-0.05525,-0.02437,-0.00259));
#3812=CARTESIAN_POINT('',(-0.05525,-0.02205,-0.00259));
#3813=CARTESIAN_POINT('',(-0.05525,-0.01973,-0.00259));
#3814=CARTESIAN_POINT('',(-0.0569286998957396,-0.01973,-0.00259));
#3815=CARTESIAN_POINT('',(-0.0569286998957396,-0.05404,-0.00259));
#3816=CARTESIAN_POINT('',(-0.05525,-0.05404,-0.00259));
#3817=CARTESIAN_POINT('',(-0.05525,-0.05172,-0.00259));
#3818=CARTESIAN_POINT('',(-0.05525,-0.0494,-0.00259));
#3819=CARTESIAN_POINT('',(-0.04708,-0.0494,-0.00259));
#3820=CARTESIAN_POINT('',(-0.03891,-0.0494,-0.00259));
#3821=CARTESIAN_POINT('',(-0.03891,-0.037396085497737,-0.00259));
#3822=CARTESIAN_POINT('',(-0.03891,-0.0253921709954739,-0.00259));
#3823=CARTESIAN_POINT('',(-0.03791,-0.0253921709954739,-0.00259));
#3824=CARTESIAN_POINT('',(-0.03691,-0.0253921709954739,-0.00259));
#3825=CARTESIAN_POINT('',(-0.03691,-0.038396085497737,-0.00259));
#3826=CARTESIAN_POINT('',(-0.03691,-0.0514,-0.00259));
#3827=CARTESIAN_POINT('',(-0.04508,-0.0514,-0.00259));
#3828=CARTESIAN_POINT('',(-0.05325,-0.0514,-0.00259));
#3829=CARTESIAN_POINT('',(-0.05325,-0.05372,-0.00259));
#3830=CARTESIAN_POINT('',(-0.05325,-0.05604,-0.00259));
#3831=CARTESIAN_POINT('',(-0.0559286998957396,-0.05604,-0.00259));
#3832=CARTESIAN_POINT('',(-0.0551710943727253,-0.05604,-0.00259));
#3833=CARTESIAN_POINT('',(-0.0581073997914791,-0.0594500015377998,-0.00259));
#3834=CARTESIAN_POINT('',(-0.0536352638364795,-0.0599500015377998,-0.00259));
#3835=CARTESIAN_POINT('',(-0.0372055498957395,-0.0599500015377998,-0.00259));
#3836=CARTESIAN_POINT('',(-0.0207758359549996,-0.0599500015377998,-0.00259));
#3837=CARTESIAN_POINT('',(-0.0163037,-0.0594500015377998,-0.00259));
#3838=CARTESIAN_POINT('',(-0.0118315640450004,-0.0599500015377998,-0.00259));
#3839=CARTESIAN_POINT('',(0.00459815,-0.0599500015377998,-0.00259));
#3840=CARTESIAN_POINT('',(0.0210278640450005,-0.0599500015377998,-0.00259));
#3841=CARTESIAN_POINT('',(0.0255,-0.0594500015377999,-0.00259));
#3842=CARTESIAN_POINT('',(0.026,-0.0549778655828003,-0.00259));
#3843=CARTESIAN_POINT('',(0.026,-0.0307502433975083,-0.00259));
#3844=CARTESIAN_POINT('',(0.026,0.0472565333196744,-0.00259));
#3845=CARTESIAN_POINT('',(0.0258535533905933,0.0508535533905933,-0.00259));
#3846=CARTESIAN_POINT('',(0.0241953824922857,0.0476581708983076,-0.00259));
#3847=CARTESIAN_POINT('',(0.021,0.046,-0.00259));
#3848=CARTESIAN_POINT('',(0.0226581708983076,0.0491953824922857,-0.00259));
#3849=CARTESIAN_POINT('',(0.0258535533905933,0.0508535533905933,-0.00259));
#3850=CARTESIAN_POINT('',(0.0222565333196744,0.051,-0.00259));
#3851=CARTESIAN_POINT('',(-0.0169235651197821,0.051,-0.00259));
#3852=CARTESIAN_POINT('',(-0.0581073997914791,0.051,-0.00259));
#3853=CARTESIAN_POINT('',(-0.0581073997914791,0.0505,-0.00259));
#3854=CARTESIAN_POINT('',(-0.005425,0.0179575,-0.00259));
#3855=CARTESIAN_POINT('',(-0.001425,0.0179575,-0.00259));
#3856=CARTESIAN_POINT('',(-0.00539886672049761,0.00180984532926231,-0.00259));
#3857=CARTESIAN_POINT('',(-0.00139886672049761,0.00180984532926231,-0.00259));
#3858=CARTESIAN_POINT('',(-0.0163036998957395,-0.00447500076889991,-0.00259));
#3859=CARTESIAN_POINT('',(-0.0163037,-0.0594500015377998,-0.00259));
#3860=CARTESIAN_POINT('',(-0.0143037,-0.0594500015377998,-0.00259));
#3861=CARTESIAN_POINT('',(-0.0586073997914791,-0.0565202558975083,0.00641));
#3862=CARTESIAN_POINT('',(-0.0586073997914791,-0.0176664916731037,0.00641));
#3863=CARTESIAN_POINT('',(-0.0586073997914791,-0.0176664916731037,0.00591));
#3864=CARTESIAN_POINT('',(-0.0586073997914791,-0.0176664916731037,-0.00259));
#3865=CARTESIAN_POINT('',(-0.0586073997914791,-0.0565202558975083,0.00591));
#3866=CARTESIAN_POINT('',(-0.0586073997914791,-0.01773,0.00591));
#3867=CARTESIAN_POINT('',(-0.0586073997914791,-0.01773,0.00641));
#3868=CARTESIAN_POINT('',(-0.0586073997914791,-0.01773,-0.00259));
#3869=CARTESIAN_POINT('',(-0.0586073997914791,-0.0565202558975083,-0.00259));
#3870=CARTESIAN_POINT('',(-0.0372055498957395,-0.0599500015377998,0.00641));
#3871=CARTESIAN_POINT('',(-0.0187531897427831,-0.0599500015377998,0.00641));
#3872=CARTESIAN_POINT('',(-0.0187531897427831,-0.0599500015377998,-0.00059));
#3873=CARTESIAN_POINT('',(-0.0187531897427831,-0.0599500015377998,-0.00059));
#3874=CARTESIAN_POINT('',(-0.019430455280964,-0.0599500015377998,-0.0012535819955658));
#3875=CARTESIAN_POINT('',(-0.0201033032283782,-0.0599500015377998,-0.00192163160274725));
#3876=CARTESIAN_POINT('',(-0.0207758359549996,-0.0599500015377998,-0.00259));
#3877=CARTESIAN_POINT('',(-0.0536352638364795,-0.0599500015377998,-0.00259));
#3878=CARTESIAN_POINT('',(-0.0543077965631009,-0.0599500015377998,-0.00192163160274725));
#3879=CARTESIAN_POINT('',(-0.0549806445105151,-0.0599500015377998,-0.0012535819955658));
#3880=CARTESIAN_POINT('',(-0.0556579100486959,-0.0599500015377998,-0.00059));
#3881=CARTESIAN_POINT('',(-0.0556579100486959,-0.0599500015377998,-0.00059));
#3882=CARTESIAN_POINT('',(-0.0556579100486959,-0.0599500015377998,0.00641));
#3883=CARTESIAN_POINT('',(0.00459815,-0.0599500015377998,0.00641));
#3884=CARTESIAN_POINT('',(-0.0118315640450004,-0.0599500015377998,-0.00259));
#3885=CARTESIAN_POINT('',(-0.0125040967716218,-0.0599500015377998,-0.00192163160274725));
#3886=CARTESIAN_POINT('',(-0.013176944719036,-0.0599500015377998,-0.0012535819955658));
#3887=CARTESIAN_POINT('',(-0.0138542102572168,-0.0599500015377998,-0.00059));
#3888=CARTESIAN_POINT('',(-0.0138542102572168,-0.0599500015377998,-0.00059));
#3889=CARTESIAN_POINT('',(-0.0138542102572168,-0.0599500015377998,0.00641));
#3890=CARTESIAN_POINT('',(0.0230505102572168,-0.0599500015377998,0.00641));
#3891=CARTESIAN_POINT('',(0.0230505102572168,-0.0599500015377998,-0.00059));
#3892=CARTESIAN_POINT('',(0.0230505102572169,-0.0599500015377998,-0.00059));
#3893=CARTESIAN_POINT('',(0.022373244719036,-0.0599500015377998,-0.0012535819955658));
#3894=CARTESIAN_POINT('',(0.0217003967716218,-0.0599500015377998,-0.00192163160274725));
#3895=CARTESIAN_POINT('',(0.0210278640450005,-0.0599500015377998,-0.00259));
#3896=CARTESIAN_POINT('',(-0.0586073997914791,0.0186097448713916,0.00641));
#3897=CARTESIAN_POINT('',(-0.0586073997914791,-0.0132805102572168,0.00641));
#3898=CARTESIAN_POINT('',(-0.0586073997914791,-0.0132805102572168,-0.00059));
#3899=CARTESIAN_POINT('',(-0.0586073997914791,-0.0132805102572168,-0.00059));
#3900=CARTESIAN_POINT('',(-0.0586073997914791,-0.012603244719036,-0.0012535819955658));
#3901=CARTESIAN_POINT('',(-0.0586073997914791,-0.0119303967716218,-0.00192163160274725));
#3902=CARTESIAN_POINT('',(-0.0586073997914791,-0.0112578640450004,-0.00259));
#3903=CARTESIAN_POINT('',(-0.0586073997914791,0.0505,0.00641));
#3904=CARTESIAN_POINT('',(-0.0163036998957395,-0.00447500076889991,-0.00259));
#3905=CARTESIAN_POINT('',(-0.0583573997914791,-0.01773,-0.00259));
#3906=CARTESIAN_POINT('',(-0.0581073997914791,-0.01773,-0.00259));
#3907=CARTESIAN_POINT('',(-0.0581073997914791,-0.01573,-0.00259));
#3908=CARTESIAN_POINT('',(0.,0.,0.));
#3909=CARTESIAN_POINT('',(0.0255,0.0505,0.));
#3910=CARTESIAN_POINT('',(-0.0586469296419354,0.0510395298504563,0.));
#3911=CARTESIAN_POINT('',(-0.0606073997914791,-0.0375900007688999,0.));
#3912=CARTESIAN_POINT('',(-0.0606073997914791,-0.0495584821011431,0.));
#3913=CARTESIAN_POINT('',(-0.0606073997914791,-0.0594500015377998,0.));
#3914=CARTESIAN_POINT('',(-0.0606073997914791,-0.0495584821011431,0.));
#3915=CARTESIAN_POINT('',(-0.0606073997914791,-0.0492728178447472,0.));
#3916=CARTESIAN_POINT('',(-0.0603945290167512,-0.048971670074383,0.));
#3917=CARTESIAN_POINT('',(-0.0601073997920245,-0.0489716700739772,0.));
#3918=CARTESIAN_POINT('',(-0.0601073997914791,-0.0489716700817591,0.));
#3919=CARTESIAN_POINT('',(-0.0585073997914791,-0.0489716700817591,0.));
#3920=CARTESIAN_POINT('',(-0.0591073997914791,-0.0489716700817591,0.));
#3921=CARTESIAN_POINT('',(-0.0591073997914791,-0.0489716700771245,3.81918723089875E-12));
#3922=CARTESIAN_POINT('',(-0.0588209384720632,-0.0489716700771245,3.81918723089875E-12));
#3923=CARTESIAN_POINT('',(-0.0586073997914791,-0.0492730628095241,0.));
#3924=CARTESIAN_POINT('',(-0.0586073997914791,-0.0495584821011431,0.));
#3925=CARTESIAN_POINT('',(-0.0586073997914791,-0.024211517898857,7.3546267116337E-19));
#3926=CARTESIAN_POINT('',(-0.0586073997914791,-0.0244971821552528,7.3546267116337E-19));
#3927=CARTESIAN_POINT('',(-0.0588202705661939,-0.0247983299256072,0.));
#3928=CARTESIAN_POINT('',(-0.0591073997909206,-0.0247983299260228,0.));
#3929=CARTESIAN_POINT('',(-0.0591073997914791,-0.0247983299180536,0.));
#3930=CARTESIAN_POINT('',(-0.0585073997914791,-0.0247983299180536,0.));
#3931=CARTESIAN_POINT('',(-0.0601073997914791,-0.0247983299180536,0.));
#3932=CARTESIAN_POINT('',(-0.0601073997914791,-0.0247983299227998,3.91114129261234E-12));
#3933=CARTESIAN_POINT('',(-0.060393861110836,-0.0247983299227998,3.91114129261234E-12));
#3934=CARTESIAN_POINT('',(-0.0606073997914791,-0.0244969371904711,0.));
#3935=CARTESIAN_POINT('',(-0.0606073997914791,-0.024211517898857,0.));
#3936=CARTESIAN_POINT('',(-0.0586469296419354,0.0510395298504563,0.));
#3937=CARTESIAN_POINT('',(-0.0586469296419354,0.053,0.));
#3938=CARTESIAN_POINT('',(-0.0165734648209677,0.053,0.));
#3939=CARTESIAN_POINT('',(0.0255,0.053,0.));
#3940=CARTESIAN_POINT('',(0.0255,0.0505,0.));
#3941=CARTESIAN_POINT('',(0.028,0.0505,0.));
#3942=CARTESIAN_POINT('',(0.028,-0.00447500076889991,0.));
#3943=CARTESIAN_POINT('',(0.028,-0.0594500015377999,0.));
#3944=CARTESIAN_POINT('',(0.0255,-0.0594500015377998,0.));
#3945=CARTESIAN_POINT('',(0.0255,-0.0619500015377998,0.));
#3946=CARTESIAN_POINT('',(-0.0372055498957395,-0.0619500015377998,0.));
#3947=CARTESIAN_POINT('',(-0.0581073997914791,-0.0619500015377998,0.));
#3948=CARTESIAN_POINT('',(-0.0581073997914791,-0.0594500015377998,0.));
#3949=CARTESIAN_POINT('',(-0.0586469296419354,0.0510395298504563,0.018591));
#3950=CARTESIAN_POINT('',(-0.0586469296419354,0.0510395298504563,-0.00409));
#3951=CARTESIAN_POINT('',(0.0255,0.0505,0.018591));
#3952=CARTESIAN_POINT('',(0.0255,0.0505,-0.00409));
#3953=CARTESIAN_POINT('',(-0.0163037,-0.0594500015377998,0.00641));
#3954=CARTESIAN_POINT('',(-0.0163037,-0.0594500015377998,0.00591));
#3955=CARTESIAN_POINT('',(-0.0143037,-0.0594500015377998,0.00591));
#3956=CARTESIAN_POINT('',(-0.0372055498957395,-0.0619500015377998,0.00641));
#3957=CARTESIAN_POINT('',(0.0255,-0.0619500015377998,0.00641));
#3958=CARTESIAN_POINT('',(0.0255,-0.0619500015377998,0.00591));
#3959=CARTESIAN_POINT('',(-0.0581073997914791,-0.0619500015377998,0.00591));
#3960=CARTESIAN_POINT('',(-0.0581073997914791,-0.0619500015377998,0.00591));
#3961=CARTESIAN_POINT('',(-0.0581073997914791,-0.0619500015377998,0.00641));
#3962=CARTESIAN_POINT('',(-0.0586073997914791,-0.0565202558975083,0.00641));
#3963=CARTESIAN_POINT('',(-0.0586073997914791,-0.0570005117950167,0.00641));
#3964=CARTESIAN_POINT('',(-0.0586073997914791,-0.0570005117950167,-0.00059));
#3965=CARTESIAN_POINT('',(-0.0586073997914791,-0.0570005117950166,-0.00059));
#3966=CARTESIAN_POINT('',(-0.0586073997914791,-0.0566794458032466,-0.000904579141438885));
#3967=CARTESIAN_POINT('',(-0.0586073997914791,-0.0563595242156699,-0.00122031967341692));
#3968=CARTESIAN_POINT('',(-0.0586073997914791,-0.05604,-0.00153646347547701));
#3969=CARTESIAN_POINT('',(-0.0586073997914791,-0.05604,-0.00153646347547701));
#3970=CARTESIAN_POINT('',(-0.0586073997914791,-0.05604,0.00975));
#3971=CARTESIAN_POINT('',(-0.0581073997914791,-0.01573,0.00641));
#3972=CARTESIAN_POINT('',(-0.0581073997914791,-0.01773,0.00641));
#3973=CARTESIAN_POINT('',(-0.0581073997914791,-0.01773,0.00591));
#3974=CARTESIAN_POINT('',(-0.0581073997914791,-0.01573,0.00591));
#3975=CARTESIAN_POINT('',(-0.0581073997914791,0.0505,0.00641));
#3976=CARTESIAN_POINT('',(-0.0581073997914791,0.051,0.00641));
#3977=CARTESIAN_POINT('',(-0.0169235651197821,0.051,0.00641));
#3978=CARTESIAN_POINT('',(0.024260269551915,0.051,0.00641));
#3979=CARTESIAN_POINT('',(0.024260269551915,0.051,0.00591));
#3980=CARTESIAN_POINT('',(0.024260269551915,0.051,-2.E-5));
#3981=CARTESIAN_POINT('',(0.024260269551915,0.051,0.00591));
#3982=CARTESIAN_POINT('',(0.024260269551915,0.051,0.006174521099565));
#3983=CARTESIAN_POINT('',(0.0240231632303907,0.051,0.00640999999999999));
#3984=CARTESIAN_POINT('',(0.0237586659495614,0.051,0.00641));
#3985=CARTESIAN_POINT('',(0.0222565333196744,0.051,-0.00259));
#3986=CARTESIAN_POINT('',(0.0229240993065523,0.051,-0.00192298659626038));
#3987=CARTESIAN_POINT('',(0.0235915774572118,0.051,-0.00125588519221411));
#3988=CARTESIAN_POINT('',(0.024260269551915,0.051,-0.00059));
#3989=CARTESIAN_POINT('',(0.024260269551915,0.051,-0.00059));
#3990=CARTESIAN_POINT('',(0.024260269551915,0.051,0.00641));
#3991=CARTESIAN_POINT('',(0.0258535533905933,0.0508535533905933,0.00641));
#3992=CARTESIAN_POINT('',(0.026,0.049260269551915,0.00641));
#3993=CARTESIAN_POINT('',(0.026,0.049260269551915,0.00591));
#3994=CARTESIAN_POINT('',(0.026,0.049260269551915,-2.E-5));
#3995=CARTESIAN_POINT('',(0.0258535533905933,0.0508535533905933,0.00591));
#3996=CARTESIAN_POINT('',(0.0258535533905933,0.0508535533905933,-2.E-5));
#3997=CARTESIAN_POINT('',(0.026,-0.0307502433975083,0.00641));
#3998=CARTESIAN_POINT('',(0.026,0.0487586659495614,0.00641));
#3999=CARTESIAN_POINT('',(0.026,0.0490231794124967,0.00640999999999999));
#4000=CARTESIAN_POINT('',(0.026,0.049260269551915,0.00617453570124324));
#4001=CARTESIAN_POINT('',(0.026,0.049260269551915,0.00591));
#4002=CARTESIAN_POINT('',(0.026,0.049260269551915,0.00641));
#4003=CARTESIAN_POINT('',(0.026,0.049260269551915,-0.00059));
#4004=CARTESIAN_POINT('',(0.026,0.049260269551915,-0.00059));
#4005=CARTESIAN_POINT('',(0.026,0.0485915776091635,-0.00125588504090025));
#4006=CARTESIAN_POINT('',(0.026,0.047924099307157,-0.00192298659565623));
#4007=CARTESIAN_POINT('',(0.026,0.0472565333196744,-0.00259));
#4008=CARTESIAN_POINT('',(0.026,-0.0549778655828003,-0.00259));
#4009=CARTESIAN_POINT('',(0.026,-0.0556503983094217,-0.00192163160274725));
#4010=CARTESIAN_POINT('',(0.026,-0.0563232462568359,-0.0012535819955658));
#4011=CARTESIAN_POINT('',(0.026,-0.0570005117950167,-0.00059));
#4012=CARTESIAN_POINT('',(0.026,-0.0570005117950167,-0.00059));
#4013=CARTESIAN_POINT('',(0.026,-0.0570005117950167,0.00641));
#4014=CARTESIAN_POINT('',(0.028,-0.00447500076889991,0.00641));
#4015=CARTESIAN_POINT('',(0.028,0.0505,0.00641));
#4016=CARTESIAN_POINT('',(0.028,0.0505,0.00591));
#4017=CARTESIAN_POINT('',(0.028,-0.00447500076889991,0.00591));
#4018=CARTESIAN_POINT('',(0.028,-0.0594500015377998,0.00591));
#4019=CARTESIAN_POINT('',(0.028,-0.0594500015377998,0.00641));
#4020=CARTESIAN_POINT('',(0.0255,0.0505,0.00641));
#4021=CARTESIAN_POINT('',(0.0255,0.053,0.00641));
#4022=CARTESIAN_POINT('',(0.0255,0.053,0.00591));
#4023=CARTESIAN_POINT('',(0.0255,0.0505,0.00591));
#4024=CARTESIAN_POINT('',(-0.0165734648209677,0.053,0.00641));
#4025=CARTESIAN_POINT('',(-0.0586469296419354,0.053,0.00641));
#4026=CARTESIAN_POINT('',(-0.0586469296419354,0.053,0.00591));
#4027=CARTESIAN_POINT('',(-0.0165734648209677,0.053,0.00591));
#4028=CARTESIAN_POINT('',(-0.0586469296419354,0.0510395298504563,0.00641));
#4029=CARTESIAN_POINT('',(-0.0586469296419354,0.0510395298504563,0.00591));
#4030=CARTESIAN_POINT('',(-0.0606073997914791,-0.0375900007688999,0.00641));
#4031=CARTESIAN_POINT('',(-0.0606073997914791,-0.0497,0.00641));
#4032=CARTESIAN_POINT('',(-0.0606073997914791,-0.0497,0.00591));
#4033=CARTESIAN_POINT('',(-0.0606073997914791,-0.0497,0.000636063803272092));
#4034=CARTESIAN_POINT('',(-0.0606073997914791,-0.0497,0.000636063803272092));
#4035=CARTESIAN_POINT('',(-0.0606073997914791,-0.0497,0.000415452087404619));
#4036=CARTESIAN_POINT('',(-0.0606073997914791,-0.0496520119949725,0.00019979935136688));
#4037=CARTESIAN_POINT('',(-0.0606073997914791,-0.0495584821011431,-2.73764816101786E-18));
#4038=CARTESIAN_POINT('',(-0.0606073997914791,-0.0594500015377998,0.00641));
#4039=CARTESIAN_POINT('',(-0.0606073997914791,-0.0594500015377998,0.00591));
#4040=CARTESIAN_POINT('',(-0.0606073997914791,-0.0492,0.00591));
#4041=CARTESIAN_POINT('',(-0.0586073997914791,-0.05504,0.00975));
#4042=CARTESIAN_POINT('',(-0.0586073997914791,-0.05404,0.00975));
#4043=CARTESIAN_POINT('',(-0.0586073997914791,-0.05404,0.00975));
#4044=CARTESIAN_POINT('',(-0.0586073997914791,-0.05604,0.00975));
#4045=CARTESIAN_POINT('',(-0.0586073997914791,-0.05604,0.00975));
#4046=CARTESIAN_POINT('',(-0.0586073997914791,-0.05504,0.00975));
#4047=CARTESIAN_POINT('',(-0.0559286998957396,-0.05604,0.00975));
#4048=CARTESIAN_POINT('',(-0.0586073997914791,-0.05604,-0.00153646347547701));
#4049=CARTESIAN_POINT('',(-0.0579952548948659,-0.05604,-0.00144765578884854));
#4050=CARTESIAN_POINT('',(-0.0567574185457565,-0.05604,-0.00163391852092192));
#4051=CARTESIAN_POINT('',(-0.0556858178580129,-0.05604,-0.00225413658688673));
#4052=CARTESIAN_POINT('',(-0.0551710943727253,-0.05604,-0.00259));
#4053=CARTESIAN_POINT('',(-0.05325,-0.05604,0.00975));
#4054=CARTESIAN_POINT('',(-0.05325,-0.05604,0.00975));
#4055=CARTESIAN_POINT('',(-0.0559286998957396,-0.05604,0.00975));
#4056=CARTESIAN_POINT('',(-0.05325,-0.05372,0.00975));
#4057=CARTESIAN_POINT('',(-0.05325,-0.0514,0.00975));
#4058=CARTESIAN_POINT('',(-0.05325,-0.0514,0.00975));
#4059=CARTESIAN_POINT('',(-0.05325,-0.05372,0.00975));
#4060=CARTESIAN_POINT('',(-0.04508,-0.0514,0.00975));
#4061=CARTESIAN_POINT('',(-0.03691,-0.0514,0.00975));
#4062=CARTESIAN_POINT('',(-0.03691,-0.0514,0.00975));
#4063=CARTESIAN_POINT('',(-0.04508,-0.0514,0.00975));
#4064=CARTESIAN_POINT('',(-0.03691,-0.038396085497737,0.00975));
#4065=CARTESIAN_POINT('',(-0.03691,-0.0253921709954739,0.00975));
#4066=CARTESIAN_POINT('',(-0.03691,-0.0253921709954739,0.00975));
#4067=CARTESIAN_POINT('',(-0.03691,-0.038396085497737,0.00975));
#4068=CARTESIAN_POINT('',(-0.03791,-0.0253921709954739,0.00975));
#4069=CARTESIAN_POINT('',(-0.03891,-0.0253921709954739,0.00975));
#4070=CARTESIAN_POINT('',(-0.03891,-0.0253921709954739,0.00975));
#4071=CARTESIAN_POINT('',(-0.03791,-0.0253921709954739,0.00975));
#4072=CARTESIAN_POINT('',(-0.03891,-0.037396085497737,0.00975));
#4073=CARTESIAN_POINT('',(-0.03891,-0.0494,0.00975));
#4074=CARTESIAN_POINT('',(-0.03891,-0.0494,0.00975));
#4075=CARTESIAN_POINT('',(-0.03891,-0.037396085497737,0.00975));
#4076=CARTESIAN_POINT('',(-0.04708,-0.0494,0.00975));
#4077=CARTESIAN_POINT('',(-0.05525,-0.0494,0.00975));
#4078=CARTESIAN_POINT('',(-0.05525,-0.0494,0.00975));
#4079=CARTESIAN_POINT('',(-0.04708,-0.0494,0.00975));
#4080=CARTESIAN_POINT('',(-0.05525,-0.05172,0.00975));
#4081=CARTESIAN_POINT('',(-0.05525,-0.05404,0.00975));
#4082=CARTESIAN_POINT('',(-0.05525,-0.05404,0.00975));
#4083=CARTESIAN_POINT('',(-0.05525,-0.05172,0.00975));
#4084=CARTESIAN_POINT('',(-0.0569286998957396,-0.05404,0.00975));
#4085=CARTESIAN_POINT('',(-0.0569286998957396,-0.05404,0.00975));
#4086=CARTESIAN_POINT('',(-0.0163036998957395,-0.00447500076889991,0.00975));
#4087=CARTESIAN_POINT('',(-0.0586073997914791,-0.0189547448713916,0.00975));
#4088=CARTESIAN_POINT('',(-0.0586073997914791,-0.0181794897427832,0.00975));
#4089=CARTESIAN_POINT('',(-0.0586073997914791,-0.0181794897427832,0.00975));
#4090=CARTESIAN_POINT('',(-0.0586073997914791,-0.0181794897427832,0.00640744217142889));
#4091=CARTESIAN_POINT('',(-0.0586073997914791,-0.01823,0.00591));
#4092=CARTESIAN_POINT('',(-0.0586073997914791,-0.01973,0.00975));
#4093=CARTESIAN_POINT('',(-0.0586073997914791,-0.01973,0.00975));
#4094=CARTESIAN_POINT('',(-0.0586073997914791,-0.0189547448713916,0.00975));
#4095=CARTESIAN_POINT('',(-0.0569286998957396,-0.01973,0.00975));
#4096=CARTESIAN_POINT('',(-0.05525,-0.01973,0.00975));
#4097=CARTESIAN_POINT('',(-0.05525,-0.01973,0.00975));
#4098=CARTESIAN_POINT('',(-0.0569286998957396,-0.01973,0.00975));
#4099=CARTESIAN_POINT('',(-0.05525,-0.02205,0.00975));
#4100=CARTESIAN_POINT('',(-0.05525,-0.02437,0.00975));
#4101=CARTESIAN_POINT('',(-0.05525,-0.02437,0.00975));
#4102=CARTESIAN_POINT('',(-0.05525,-0.02205,0.00975));
#4103=CARTESIAN_POINT('',(-0.05075,-0.02437,0.00975));
#4104=CARTESIAN_POINT('',(-0.04625,-0.02437,0.00975));
#4105=CARTESIAN_POINT('',(-0.04625,-0.02437,0.00975));
#4106=CARTESIAN_POINT('',(-0.05075,-0.02437,0.00975));
#4107=CARTESIAN_POINT('',(-0.04625,-0.02337,0.00975));
#4108=CARTESIAN_POINT('',(-0.04625,-0.02237,0.00975));
#4109=CARTESIAN_POINT('',(-0.04625,-0.02237,0.00975));
#4110=CARTESIAN_POINT('',(-0.04625,-0.02337,0.00975));
#4111=CARTESIAN_POINT('',(-0.04975,-0.02237,0.00975));
#4112=CARTESIAN_POINT('',(-0.05325,-0.02237,0.00975));
#4113=CARTESIAN_POINT('',(-0.05325,-0.02237,0.00975));
#4114=CARTESIAN_POINT('',(-0.04975,-0.02237,0.00975));
#4115=CARTESIAN_POINT('',(-0.05325,-0.02005,0.00975));
#4116=CARTESIAN_POINT('',(-0.05325,-0.01773,0.00975));
#4117=CARTESIAN_POINT('',(-0.05325,-0.01773,0.00975));
#4118=CARTESIAN_POINT('',(-0.05325,-0.02005,0.00975));
#4119=CARTESIAN_POINT('',(-0.0549286998957396,-0.01773,0.00975));
#4120=CARTESIAN_POINT('',(-0.0540762709173298,-0.01773,-0.00259));
#4121=CARTESIAN_POINT('',(-0.0548787410533894,-0.01773,-0.00187114210308613));
#4122=CARTESIAN_POINT('',(-0.0556776889069572,-0.01773,-0.00114782653071318));
#4123=CARTESIAN_POINT('',(-0.0566073997914791,-0.01773,-0.00059));
#4124=CARTESIAN_POINT('',(-0.0566073997914791,-0.01773,-0.00059));
#4125=CARTESIAN_POINT('',(-0.0566073997914791,-0.01773,0.00975));
#4126=CARTESIAN_POINT('',(-0.0566073997914791,-0.01773,0.00641));
#4127=CARTESIAN_POINT('',(-0.0566073997914791,-0.01773,0.00975));
#4128=CARTESIAN_POINT('',(-0.0566073997914791,-0.01773,0.00975));
#4129=CARTESIAN_POINT('',(-0.0549286998957396,-0.01773,0.00975));
#4130=CARTESIAN_POINT('',(-0.0581073997914791,-0.01573,0.00975));
#4131=CARTESIAN_POINT('',(-0.0581073997914791,-0.01573,0.00641));
#4132=CARTESIAN_POINT('',(-0.0581073997914791,-0.01823,0.00641));
#4133=CARTESIAN_POINT('',(-0.0581073997914791,-0.01823,0.00641));
#4134=CARTESIAN_POINT('',(-0.0582757716771932,-0.01823,0.00641));
#4135=CARTESIAN_POINT('',(-0.058442446845418,-0.0182131606219014,0.0064108611110819));
#4136=CARTESIAN_POINT('',(-0.0586073997914791,-0.0181794897427832,0.00640744217142889));
#4137=CARTESIAN_POINT('',(-0.0581073997914791,-0.01573,0.00975));
#4138=CARTESIAN_POINT('',(-0.0163036998957395,-0.00447500076889991,0.00975));
#4139=CARTESIAN_POINT('',(-0.005415,0.0018075,-2.E-5));
#4140=CARTESIAN_POINT('',(-0.005415,0.0018075,-0.00052));
#4141=CARTESIAN_POINT('',(-0.003915,0.0018075,-0.00052));
#4142=CARTESIAN_POINT('',(-0.005415,0.0018075,-0.00259));
#4143=CARTESIAN_POINT('',(-0.003915,0.0018075,-0.00259));
#4144=CARTESIAN_POINT('',(-0.00539886672049761,0.00180984532926231,-2.E-5));
#4145=CARTESIAN_POINT('',(-0.00539886672049761,0.00180984532926231,-0.00059));
#4146=CARTESIAN_POINT('',(-0.00339886672049761,0.00180984532926231,-0.00059));
#4147=CARTESIAN_POINT('',(-0.00539886672049761,0.00180984532926231,-2.E-5));
#4148=CARTESIAN_POINT('',(-0.00511921578941553,-0.000170507002204215,-2.E-5));
#4149=CARTESIAN_POINT('',(-0.00569465093108219,0.00378785233146652,-2.E-5));
#4150=CARTESIAN_POINT('',(-0.00511921578941553,-0.000170507002204215,-2.E-5));
#4151=CARTESIAN_POINT('',(-0.0056411456003433,-0.000244210128292568,-2.E-5));
#4152=CARTESIAN_POINT('',(-0.00672457537064111,3.80759463457265E-5,-2.01324861249212E-5));
#4153=CARTESIAN_POINT('',(-0.00759173929857267,0.00148932586700508,-2.03324575137312E-5));
#4154=CARTESIAN_POINT('',(-0.00717574885596789,0.0031298534452109,-2.01328069061747E-5));
#4155=CARTESIAN_POINT('',(-0.00621596262105396,0.00370989721476826,-2.E-5));
#4156=CARTESIAN_POINT('',(-0.00569465093108219,0.00378785233146652,-2.E-5));
#4157=CARTESIAN_POINT('',(-0.0163036998957395,-0.00447500076889991,-2.E-5));
#4158=CARTESIAN_POINT('',(-0.005415,0.0018075,-2.E-5));
#4159=CARTESIAN_POINT('',(-0.0163036998957395,-0.00447500076889991,-0.00259));
#4160=CARTESIAN_POINT('',(-0.021,0.046,-2.E-5));
#4161=CARTESIAN_POINT('',(-0.021,0.046,-0.00052));
#4162=CARTESIAN_POINT('',(-0.0199,0.046,-0.00052));
#4163=CARTESIAN_POINT('',(-0.021,0.046,-0.00259));
#4164=CARTESIAN_POINT('',(-0.0199,0.046,-0.00259));
#4165=CARTESIAN_POINT('',(-0.021,0.046,-2.E-5));
#4166=CARTESIAN_POINT('',(-0.021,0.046,-0.00059));
#4167=CARTESIAN_POINT('',(-0.0194,0.046,-0.00059));
#4168=CARTESIAN_POINT('',(-0.021,0.046,-2.E-5));
#4169=CARTESIAN_POINT('',(-0.0194,0.046,-2.E-5));
#4170=CARTESIAN_POINT('',(-0.0163036998957395,-0.00447500076889991,-0.00259));
#4171=CARTESIAN_POINT('',(0.0258535533905933,0.0508535533905933,-2.E-5));
#4172=CARTESIAN_POINT('',(0.0258535533905933,0.0508535533905933,-0.00059));
#4173=CARTESIAN_POINT('',(0.0258535533905933,0.0508535533905933,-2.E-5));
#4174=CARTESIAN_POINT('',(0.0258535533905933,0.0508535533905933,-2.E-5));
#4175=CARTESIAN_POINT('',(0.0258535533905933,0.0508535533905933,-0.00052));
#4176=CARTESIAN_POINT('',(0.0269535533905933,0.0508535533905933,-0.00052));
#4177=CARTESIAN_POINT('',(0.0258535533905933,0.0508535533905933,-0.00259));
#4178=CARTESIAN_POINT('',(0.0269535533905933,0.0508535533905933,-0.00259));
#4179=CARTESIAN_POINT('',(-0.0163036998957395,-0.00447500076889991,-0.00259));
#4180=CARTESIAN_POINT('',(0.021,-0.046,-2.E-5));
#4181=CARTESIAN_POINT('',(0.021,-0.046,-0.00052));
#4182=CARTESIAN_POINT('',(0.0221,-0.046,-0.00052));
#4183=CARTESIAN_POINT('',(0.021,-0.046,-0.00259));
#4184=CARTESIAN_POINT('',(0.0221,-0.046,-0.00259));
#4185=CARTESIAN_POINT('',(0.021,-0.046,-2.E-5));
#4186=CARTESIAN_POINT('',(0.021,-0.046,-0.00059));
#4187=CARTESIAN_POINT('',(0.0226,-0.046,-0.00059));
#4188=CARTESIAN_POINT('',(0.021,-0.046,-2.E-5));
#4189=CARTESIAN_POINT('',(0.0226,-0.046,-2.E-5));
#4190=CARTESIAN_POINT('',(-0.0163036998957395,-0.00447500076889991,-0.00259));
#4191=CARTESIAN_POINT('',(-0.021,-0.046,-2.E-5));
#4192=CARTESIAN_POINT('',(-0.021,-0.046,-0.00052));
#4193=CARTESIAN_POINT('',(-0.0199,-0.046,-0.00052));
#4194=CARTESIAN_POINT('',(-0.021,-0.046,-0.00259));
#4195=CARTESIAN_POINT('',(-0.0199,-0.046,-0.00259));
#4196=CARTESIAN_POINT('',(-0.021,-0.046,-2.E-5));
#4197=CARTESIAN_POINT('',(-0.021,-0.046,-0.00059));
#4198=CARTESIAN_POINT('',(-0.0194,-0.046,-0.00059));
#4199=CARTESIAN_POINT('',(-0.021,-0.046,-2.E-5));
#4200=CARTESIAN_POINT('',(-0.0194,-0.046,-2.E-5));
#4201=CARTESIAN_POINT('',(-0.0163036998957395,-0.00447500076889991,-0.00259));
#4202=CARTESIAN_POINT('',(0.021,0.046,-2.E-5));
#4203=CARTESIAN_POINT('',(0.021,0.046,-0.00052));
#4204=CARTESIAN_POINT('',(0.0221,0.046,-0.00052));
#4205=CARTESIAN_POINT('',(0.021,0.046,-0.00259));
#4206=CARTESIAN_POINT('',(0.0221,0.046,-0.00259));
#4207=CARTESIAN_POINT('',(0.021,0.046,-2.E-5));
#4208=CARTESIAN_POINT('',(0.021,0.046,-0.00059));
#4209=CARTESIAN_POINT('',(0.0226,0.046,-0.00059));
#4210=CARTESIAN_POINT('',(0.021,0.046,-2.E-5));
#4211=CARTESIAN_POINT('',(0.0226,0.046,-2.E-5));
#4212=CARTESIAN_POINT('',(-0.0163036998957395,-0.00447500076889991,-0.00259));
#4213=CARTESIAN_POINT('',(-0.005425,0.0179575,-2.E-5));
#4214=CARTESIAN_POINT('',(-0.005425,0.0179575,-0.00052));
#4215=CARTESIAN_POINT('',(-0.003925,0.0179575,-0.00052));
#4216=CARTESIAN_POINT('',(-0.005425,0.0179575,-0.00259));
#4217=CARTESIAN_POINT('',(-0.003925,0.0179575,-0.00259));
#4218=CARTESIAN_POINT('',(-0.005425,0.0179575,-2.E-5));
#4219=CARTESIAN_POINT('',(-0.005425,0.0179575,-0.00059));
#4220=CARTESIAN_POINT('',(-0.003425,0.0179575,-0.00059));
#4221=CARTESIAN_POINT('',(-0.005425,0.0179575,-2.E-5));
#4222=CARTESIAN_POINT('',(-0.003425,0.0179575,-2.E-5));
#4223=CARTESIAN_POINT('',(-0.0163036998957395,-0.00447500076889991,-0.00259));
#4224=CARTESIAN_POINT('',(-0.0581073997914791,-0.01573,0.00641));
#4225=CARTESIAN_POINT('',(-0.0581073997914791,-0.01573,-0.00059));
#4226=CARTESIAN_POINT('',(-0.0581073997914791,-0.01573,0.00641));
#4227=CARTESIAN_POINT('',(-0.0583573997914791,-0.01773,0.00641));
#4228=CARTESIAN_POINT('',(-0.0581073997914791,-0.01773,0.00591));
#4229=CARTESIAN_POINT('',(-0.0163037,-0.0594500015377998,0.00641));
#4230=CARTESIAN_POINT('',(-0.0163037,-0.0594500015377998,-0.00059));
#4231=CARTESIAN_POINT('',(-0.0163037,-0.0594500015377998,0.00641));
#4232=CARTESIAN_POINT('',(0.0255,-0.0594500015377999,0.00641));
#4233=CARTESIAN_POINT('',(0.0255,-0.0594500015377999,0.00591));
#4234=CARTESIAN_POINT('',(0.0255,-0.0594500015377998,0.00641));
#4235=CARTESIAN_POINT('',(0.0255,-0.0594500015377998,0.00591));
#4236=CARTESIAN_POINT('',(0.0275,-0.0594500015377998,0.00591));
#4237=CARTESIAN_POINT('',(0.0255,-0.0594500015377998,-0.00259));
#4238=CARTESIAN_POINT('',(0.0275,-0.0594500015377998,-0.00259));
#4239=CARTESIAN_POINT('',(0.0255,-0.0594500015377999,0.00641));
#4240=CARTESIAN_POINT('',(0.0255,-0.0594500015377999,-0.00059));
#4241=CARTESIAN_POINT('',(0.0255,-0.0594500015377999,0.00641));
#4242=CARTESIAN_POINT('',(-0.0581073997914791,-0.0594500015377998,0.00641));
#4243=CARTESIAN_POINT('',(-0.0581073997914791,-0.0594500015377998,0.00591));
#4244=CARTESIAN_POINT('',(-0.0581073997914791,-0.0594500015377998,0.00641));
#4245=CARTESIAN_POINT('',(-0.0581073997914791,-0.0594500015377998,0.00591));
#4246=CARTESIAN_POINT('',(-0.0561073997914791,-0.0594500015377998,0.00591));
#4247=CARTESIAN_POINT('',(-0.0581073997914791,-0.0594500015377998,-0.00259));
#4248=CARTESIAN_POINT('',(-0.0561073997914791,-0.0594500015377998,-0.00259));
#4249=CARTESIAN_POINT('',(-0.0581073997914791,-0.0594500015377998,0.00641));
#4250=CARTESIAN_POINT('',(-0.0581073997914791,-0.0594500015377998,-0.00059));
#4251=CARTESIAN_POINT('',(-0.0581073997914791,-0.0594500015377998,0.00641));
#4252=CARTESIAN_POINT('',(-0.0163036998957395,-0.00447500076889991,-0.00259));
#4253=CARTESIAN_POINT('',(-0.0163036998957395,-0.00447500076889991,-0.00259));
#4254=CARTESIAN_POINT('',(-0.0293840430676937,-0.00956813432276249,0.00641));
#4255=CARTESIAN_POINT('',(-0.0293840430676937,-0.00956813432276249,0.00591));
#4256=CARTESIAN_POINT('',(-0.0273840430676937,-0.00956813432276249,0.00591));
#4257=CARTESIAN_POINT('',(-0.0293840430676937,-0.00956813432276249,-0.00259));
#4258=CARTESIAN_POINT('',(-0.0273840430676937,-0.00956813432276249,-0.00259));
#4259=CARTESIAN_POINT('',(-0.0293840430676937,-0.00956813432276249,0.00641));
#4260=CARTESIAN_POINT('',(-0.0293840430676937,-0.00956813432276249,-0.00059));
#4261=CARTESIAN_POINT('',(-0.0268840430676937,-0.00956813432276249,-0.00059));
#4262=CARTESIAN_POINT('',(-0.0293840430676937,-0.00956813432276249,0.00641));
#4263=CARTESIAN_POINT('',(-0.0268840430676937,-0.00956813432276249,0.00641));
#4264=CARTESIAN_POINT('',(-0.0163036998957395,-0.00447500076889991,-0.00259));
#4265=CARTESIAN_POINT('',(-0.0293840430676937,-0.00956813432276249,-0.00059));
#4266=CARTESIAN_POINT('',(-0.0581073997914791,-0.01573,-0.00059));
#4267=CARTESIAN_POINT('',(-0.0163037,-0.0594500015377998,-0.00059));
#4268=CARTESIAN_POINT('',(-0.0581073997914791,-0.0594500015377998,-0.00059));
#4269=CARTESIAN_POINT('',(0.0255,-0.0594500015377999,-0.00059));
#4270=CARTESIAN_POINT('',(-0.021,0.046,-0.00059));
#4271=CARTESIAN_POINT('',(0.021,0.046,-0.00059));
#4272=CARTESIAN_POINT('',(0.0241953824922857,0.0476581708983076,-0.00259000000000001));
#4273=CARTESIAN_POINT('',(0.0236940468131636,0.0481595065774297,-0.00237592805043852));
#4274=CARTESIAN_POINT('',(0.0231593573260307,0.0486941960645626,-0.00237599178126655));
#4275=CARTESIAN_POINT('',(0.0226581708983076,0.0491953824922857,-0.00259000000000001));
#4276=CARTESIAN_POINT('',(0.0258535533905933,0.0508535533905933,-0.00059));
#4277=CARTESIAN_POINT('',(0.021,-0.046,-0.00059));
#4278=CARTESIAN_POINT('',(-0.021,-0.046,-0.00059));
#4279=CARTESIAN_POINT('',(-0.005425,0.0179575,-0.00059));
#4280=CARTESIAN_POINT('',(-0.00539886672049761,0.00180984532926231,-0.00059));
#4281=CARTESIAN_POINT('',(-0.0585073997914791,-0.0255700310895188,0.000636021896753724));
#4282=CARTESIAN_POINT('',(-0.0591073997914791,-0.0247983299227998,3.91114156514519E-12));
#4283=CARTESIAN_POINT('',(-0.0591073997914791,-0.0246508271966928,0.000178994496783757));
#4284=CARTESIAN_POINT('',(-0.0591073997914791,-0.02457,0.000404109519168096));
#4285=CARTESIAN_POINT('',(-0.0591073997914791,-0.02457,0.000636063803272089));
#4286=CARTESIAN_POINT('',(-0.0591073997914791,-0.02457,0.000636063803272089));
#4287=CARTESIAN_POINT('',(-0.0585073997914791,-0.02457,0.000636063803272089));
#4288=CARTESIAN_POINT('',(-0.0601073997914791,-0.02457,0.000636063803272089));
#4289=CARTESIAN_POINT('',(-0.0601073997914791,-0.02457,0.000636063803272089));
#4290=CARTESIAN_POINT('',(-0.0601073997914791,-0.02457,0.000407257528790348));
#4291=CARTESIAN_POINT('',(-0.0601073997914791,-0.0246507334178855,0.000179108297981445));
#4292=CARTESIAN_POINT('',(-0.0601073997914791,-0.0247983299227998,3.91114021592759E-12));
#4293=CARTESIAN_POINT('',(-0.0585073997914791,-0.0481999689104813,0.000636021896753692));
#4294=CARTESIAN_POINT('',(-0.0601073997914791,-0.0489716700771245,3.81918723089875E-12));
#4295=CARTESIAN_POINT('',(-0.0601073997914791,-0.0491191728029543,0.000178994496967662));
#4296=CARTESIAN_POINT('',(-0.0601073997914791,-0.0492,0.000404109519128364));
#4297=CARTESIAN_POINT('',(-0.0601073997914791,-0.0492,0.000636063803272092));
#4298=CARTESIAN_POINT('',(-0.0601073997914791,-0.0492,0.000636063803272092));
#4299=CARTESIAN_POINT('',(-0.0585073997914791,-0.0492,0.000636063803272092));
#4300=CARTESIAN_POINT('',(-0.0591073997914791,-0.0492,0.000636063803272092));
#4301=CARTESIAN_POINT('',(-0.0591073997914791,-0.0492,0.000636063803272092));
#4302=CARTESIAN_POINT('',(-0.0591073997914791,-0.0491999931262683,0.00040725752895645));
#4303=CARTESIAN_POINT('',(-0.0591073997914791,-0.049119266582086,0.000179108297903581));
#4304=CARTESIAN_POINT('',(-0.0591073997914791,-0.0489716700771245,3.81918561581868E-12));
#4305=CARTESIAN_POINT('',(-0.0585073997914791,-0.02457,0.00346603190163604));
#4306=CARTESIAN_POINT('',(-0.0591073997914791,-0.02457,0.00346603190163604));
#4307=CARTESIAN_POINT('',(-0.0591073997914791,-0.02457,0.00591));
#4308=CARTESIAN_POINT('',(-0.0585073997914791,-0.02457,0.00591));
#4309=CARTESIAN_POINT('',(-0.0601073997914791,-0.02457,0.00591));
#4310=CARTESIAN_POINT('',(-0.0601073997914791,-0.02457,0.000636063803272089));
#4311=CARTESIAN_POINT('',(-0.0585073997914791,-0.0492,0.006296));
#4312=CARTESIAN_POINT('',(-0.0601073997914791,-0.0492,0.006296));
#4313=CARTESIAN_POINT('',(-0.0601073997914791,-0.0492,0.00591));
#4314=CARTESIAN_POINT('',(-0.0586073997914791,-0.0492,0.00591));
#4315=CARTESIAN_POINT('',(-0.0591073997914791,-0.0492,0.00591));
#4316=CARTESIAN_POINT('',(-0.0591073997914791,-0.0492,0.000636063803272092));
#4317=CARTESIAN_POINT('',(-0.0591073997914791,-0.02457,0.000636063803272089));
#4318=CARTESIAN_POINT('',(-0.0586073997914791,-0.02457,0.000636063803272089));
#4319=CARTESIAN_POINT('',(-0.0586073997914791,-0.02407,0.000636063803272195));
#4320=CARTESIAN_POINT('',(-0.0591073997914791,-0.02457,0.00040283575975436));
#4321=CARTESIAN_POINT('',(-0.0586073997913709,-0.0245700000175843,0.000402835759753191));
#4322=CARTESIAN_POINT('',(-0.0586073997914791,-0.024070000028588,0.000286061114950245));
#4323=CARTESIAN_POINT('',(-0.0591073997914694,-0.0246524036387343,0.000175571026053908));
#4324=CARTESIAN_POINT('',(-0.0586073997910134,-0.024652403626468,0.000175571016016369));
#4325=CARTESIAN_POINT('',(-0.0586073997914791,-0.0241934208112731,-5.44325603076294E-5));
#4326=CARTESIAN_POINT('',(-0.0591073997914791,-0.0248009825248777,-3.20528809801538E-6));
#4327=CARTESIAN_POINT('',(-0.0586073997914791,-0.0248009825248777,-3.20528809802427E-6));
#4328=CARTESIAN_POINT('',(-0.0586073997914791,-0.0244164476345114,-0.000322787700146945));
#4329=CARTESIAN_POINT('',(-0.0591073997914791,-0.02407,0.000636063803272195));
#4330=CARTESIAN_POINT('',(-0.0591073997914791,-0.02407,0.00641));
#4331=CARTESIAN_POINT('',(-0.0591073997914791,-0.02407,0.00591));
#4332=CARTESIAN_POINT('',(-0.0606073997914791,-0.02407,0.000636063803272195));
#4333=CARTESIAN_POINT('',(-0.0606073997914791,-0.02457,0.000636063803272089));
#4334=CARTESIAN_POINT('',(-0.0601073997914791,-0.02457,0.000636063803272089));
#4335=CARTESIAN_POINT('',(-0.0606073997914791,-0.024070000028588,0.000286061114950252));
#4336=CARTESIAN_POINT('',(-0.0606073997915976,-0.0245700000176719,0.000402835759755569));
#4337=CARTESIAN_POINT('',(-0.0601073997914827,-0.0245699999999999,0.000402835759754365));
#4338=CARTESIAN_POINT('',(-0.0606073997914791,-0.0241934208112948,-5.44325603318708E-5));
#4339=CARTESIAN_POINT('',(-0.0606073997914791,-0.0246524036266623,0.000175571015998121));
#4340=CARTESIAN_POINT('',(-0.0601073997914791,-0.0246524036387457,0.000175571026040144));
#4341=CARTESIAN_POINT('',(-0.0606073997914791,-0.0244164476345114,-0.000322787700146893));
#4342=CARTESIAN_POINT('',(-0.0606073997914791,-0.0248009825248777,-3.20528809798475E-6));
#4343=CARTESIAN_POINT('',(-0.0601073997914791,-0.0248009825248777,-3.2052880979847E-6));
#4344=CARTESIAN_POINT('',(-0.0601073997914791,-0.02407,0.000636063803272195));
#4345=CARTESIAN_POINT('',(-0.0163036998957395,-0.01823,0.00591));
#4346=CARTESIAN_POINT('',(-0.0581073997914791,-0.01823,0.00591));
#4347=CARTESIAN_POINT('',(-0.0591073997914791,-0.01823,0.00591));
#4348=CARTESIAN_POINT('',(-0.0591073997914791,-0.0565202558975083,0.00591));
#4349=CARTESIAN_POINT('',(-0.0586073997914791,-0.0176664916731037,0.00591));
#4350=CARTESIAN_POINT('',(-0.0586073997914791,-0.0176664916731037,0.00605744576805289));
#4351=CARTESIAN_POINT('',(-0.058744174258817,-0.0177736924819824,0.00632510020297436));
#4352=CARTESIAN_POINT('',(-0.058986051990333,-0.0179418026671758,0.00641));
#4353=CARTESIAN_POINT('',(-0.0591073997914791,-0.0180212878474779,0.00641));
#4354=CARTESIAN_POINT('',(-0.0163036998957395,-0.02407,0.00591));
#4355=CARTESIAN_POINT('',(-0.0601073997914791,-0.02407,0.00591));
#4356=CARTESIAN_POINT('',(-0.0601073997914791,-0.02407,0.00346603190163604));
#4357=CARTESIAN_POINT('',(-0.0601073997914791,-0.02407,0.00591));
#4358=CARTESIAN_POINT('',(-0.0581073997914791,-0.01573,0.00591));
#4359=CARTESIAN_POINT('',(-0.0601073997914791,-0.01723,0.00641));
#4360=CARTESIAN_POINT('',(-0.0602684017303814,-0.0167461105583649,0.00641));
#4361=CARTESIAN_POINT('',(-0.0604463972667643,-0.0157267583614309,0.0062760257408367));
#4362=CARTESIAN_POINT('',(-0.0602684017344282,-0.0147138894402891,0.00641));
#4363=CARTESIAN_POINT('',(-0.0601073997914791,-0.01423,0.00641));
#4364=CARTESIAN_POINT('',(-0.0601073997914791,-0.02407,0.00591));
#4365=CARTESIAN_POINT('',(-0.0601073997914791,-0.02407,0.00591));
#4366=CARTESIAN_POINT('',(-0.0601073997914791,-0.00447500076889993,0.00591));
#4367=CARTESIAN_POINT('',(-0.0601073997914791,0.0510395298504563,0.00591));
#4368=CARTESIAN_POINT('',(-0.0586469296419354,0.0510395298504563,0.00591));
#4369=CARTESIAN_POINT('',(-0.0586469296419354,0.0525,0.00591));
#4370=CARTESIAN_POINT('',(-0.0165734648209677,0.0525,0.00591));
#4371=CARTESIAN_POINT('',(0.0245500145295028,0.0525,0.00641));
#4372=CARTESIAN_POINT('',(0.0248567451906638,0.0526065043761144,0.00641));
#4373=CARTESIAN_POINT('',(0.0251745962662287,0.0526793857641312,0.00637793797919337));
#4374=CARTESIAN_POINT('',(0.0254999999999999,0.0527100942208051,0.00636371843513837));
#4375=CARTESIAN_POINT('',(0.0255,0.0527100942208047,0.00636371843513843));
#4376=CARTESIAN_POINT('',(0.0255,0.0525,0.00591));
#4377=CARTESIAN_POINT('',(0.0258535533905933,0.0508535533905933,0.00591));
#4378=CARTESIAN_POINT('',(0.0255,0.0527100942208039,0.00636371843513882));
#4379=CARTESIAN_POINT('',(0.0260975025082782,0.05276648072773,0.00633760867560728));
#4380=CARTESIAN_POINT('',(0.0273190737218335,0.0523223142635925,0.00628239179309434));
#4381=CARTESIAN_POINT('',(0.027766482494024,0.0510975212249034,0.00633760785772523));
#4382=CARTESIAN_POINT('',(0.0277100942208039,0.0505,0.00636371843513883));
#4383=CARTESIAN_POINT('',(0.0277100942208039,0.0505,0.00636371843513882));
#4384=CARTESIAN_POINT('',(0.027710094220805,0.0504999999999997,0.00636371843513839));
#4385=CARTESIAN_POINT('',(0.0276793857641312,0.0501745962662286,0.00637793797919339));
#4386=CARTESIAN_POINT('',(0.0276065043761281,0.049856745190659,0.00641));
#4387=CARTESIAN_POINT('',(0.0275,0.0495500145295028,0.00641));
#4388=CARTESIAN_POINT('',(0.0255,0.0505,0.00591));
#4389=CARTESIAN_POINT('',(0.0275,0.0505,0.00591));
#4390=CARTESIAN_POINT('',(0.0275,-0.00447500076889991,0.00591));
#4391=CARTESIAN_POINT('',(0.0275,-0.0579500015377998,0.00641));
#4392=CARTESIAN_POINT('',(0.0276604749046032,-0.0584323069840206,0.00641));
#4393=CARTESIAN_POINT('',(0.0277500000000001,-0.0589387562309132,0.00634301270189218));
#4394=CARTESIAN_POINT('',(0.0277500000000001,-0.0594500015377998,0.00634301270189218));
#4395=CARTESIAN_POINT('',(0.02775,-0.0594500015377998,0.00634301270189222));
#4396=CARTESIAN_POINT('',(0.0275,-0.0594500015377998,0.00591));
#4397=CARTESIAN_POINT('',(-0.0163037,-0.0594500015377998,0.00591));
#4398=CARTESIAN_POINT('',(-0.0148037,-0.0614500015377998,0.00641));
#4399=CARTESIAN_POINT('',(-0.0152875784477996,-0.0616109998187839,0.00641));
#4400=CARTESIAN_POINT('',(-0.0163068726464942,-0.0617890026966548,0.00627602572664233));
#4401=CARTESIAN_POINT('',(-0.0173198215528369,-0.0616109998206983,0.00641));
#4402=CARTESIAN_POINT('',(-0.0178037,-0.0614500015377998,0.00641));
#4403=CARTESIAN_POINT('',(0.0255,-0.0594500015377998,0.00591));
#4404=CARTESIAN_POINT('',(0.0255,-0.0594500015377999,0.00634301270189222));
#4405=CARTESIAN_POINT('',(0.0255,-0.0617000015377999,0.00634301270189221));
#4406=CARTESIAN_POINT('',(0.0254999999999999,-0.0617000015378007,0.00634301270189169));
#4407=CARTESIAN_POINT('',(0.0249881881685876,-0.0617000015378007,0.0063430127018917));
#4408=CARTESIAN_POINT('',(0.0244821356535221,-0.0616104199503058,0.00641));
#4409=CARTESIAN_POINT('',(0.024,-0.0614500015377998,0.00641));
#4410=CARTESIAN_POINT('',(0.0255,-0.0594500015377999,0.00591));
#4411=CARTESIAN_POINT('',(0.0255,-0.0614500015377999,0.00591));
#4412=CARTESIAN_POINT('',(-0.0586073997914791,-0.0497,0.000636063803272092));
#4413=CARTESIAN_POINT('',(-0.0586073997914791,-0.0492,0.000636063803272092));
#4414=CARTESIAN_POINT('',(-0.0591073997914791,-0.0492,0.000636063803272092));
#4415=CARTESIAN_POINT('',(-0.0586073997914791,-0.0496999999714053,0.000286061114967077));
#4416=CARTESIAN_POINT('',(-0.0586073997916955,-0.0491999999825573,0.000402835759722657));
#4417=CARTESIAN_POINT('',(-0.0591073997914755,-0.0492,0.000402835759720281));
#4418=CARTESIAN_POINT('',(-0.0586073997914791,-0.0495765791887416,-5.44325602900579E-5));
#4419=CARTESIAN_POINT('',(-0.058607399791046,-0.0491175963730055,0.000175571016032173));
#4420=CARTESIAN_POINT('',(-0.0591073997914706,-0.0491175963612792,0.000175571026070385));
#4421=CARTESIAN_POINT('',(-0.0586073997914791,-0.0493535523654889,-0.000322787700146642));
#4422=CARTESIAN_POINT('',(-0.0586073997914791,-0.0489690174751224,-3.20528809801695E-6));
#4423=CARTESIAN_POINT('',(-0.0591073997914791,-0.0489690174751224,-3.20528809800812E-6));
#4424=CARTESIAN_POINT('',(-0.0591073997914791,-0.0497,0.000636063803272092));
#4425=CARTESIAN_POINT('',(-0.0163036998957395,-0.0614500015377998,0.00591));
#4426=CARTESIAN_POINT('',(-0.0566073997914791,-0.0614500015377998,0.00641));
#4427=CARTESIAN_POINT('',(-0.0570897052376999,-0.0616104764424032,0.00641));
#4428=CARTESIAN_POINT('',(-0.0575961544845925,-0.0617000015377999,0.00634301270189217));
#4429=CARTESIAN_POINT('',(-0.0581073997914791,-0.0617000015377999,0.00634301270189217));
#4430=CARTESIAN_POINT('',(-0.0581073997914791,-0.0617000015377998,0.00634301270189222));
#4431=CARTESIAN_POINT('',(-0.0581073997914791,-0.0614500015377998,0.00591));
#4432=CARTESIAN_POINT('',(-0.0591073997914791,-0.0497,0.006296));
#4433=CARTESIAN_POINT('',(-0.0591073997914791,-0.0497,0.00591));
#4434=CARTESIAN_POINT('',(-0.0581073997914791,-0.0594500015377998,0.00591));
#4435=CARTESIAN_POINT('',(-0.0581073997914791,-0.0594500015377998,0.00634301270189222));
#4436=CARTESIAN_POINT('',(-0.0603573997914791,-0.0594500015377998,0.00634301270189222));
#4437=CARTESIAN_POINT('',(-0.06035739979148,-0.0594500015377997,0.00634301270189169));
#4438=CARTESIAN_POINT('',(-0.06035739979148,-0.0589381897063874,0.0063430127018917));
#4439=CARTESIAN_POINT('',(-0.0602678182039826,-0.0584321371913227,0.00641));
#4440=CARTESIAN_POINT('',(-0.0601073997914791,-0.0579500015377998,0.00641));
#4441=CARTESIAN_POINT('',(-0.0581073997914791,-0.0594500015377998,0.00591));
#4442=CARTESIAN_POINT('',(-0.0601073997914791,-0.0594500015377998,0.00591));
#4443=CARTESIAN_POINT('',(-0.0585073997914791,-0.0497,0.00591));
#4444=CARTESIAN_POINT('',(-0.0601073997914791,-0.0497,0.00591));
#4445=CARTESIAN_POINT('',(-0.0601073997914791,-0.00447500076889993,0.00591));
#4446=CARTESIAN_POINT('',(-0.0601073997914791,-0.0497,0.00591));
#4447=CARTESIAN_POINT('',(-0.0601073997914791,-0.0497,0.00591));
#4448=CARTESIAN_POINT('',(-0.0601073997914791,-0.0497,0.00591));
#4449=CARTESIAN_POINT('',(-0.0601073997914791,-0.0497,0.00641));
#4450=CARTESIAN_POINT('',(-0.0601073997914791,-0.0497,0.000636063803272092));
#4451=CARTESIAN_POINT('',(-0.0601073997914791,-0.0492,0.000636063803272092));
#4452=CARTESIAN_POINT('',(-0.0606073997914791,-0.0492,0.000636063803272092));
#4453=CARTESIAN_POINT('',(-0.0606073997914791,-0.0497,0.000636063803272092));
#4454=CARTESIAN_POINT('',(-0.0601073997914827,-0.0492,0.000402835759720254));
#4455=CARTESIAN_POINT('',(-0.0606073997917058,-0.0491999999825573,0.00040283575972263));
#4456=CARTESIAN_POINT('',(-0.0606073997914791,-0.0496999999714053,0.000286061114967037));
#4457=CARTESIAN_POINT('',(-0.0601073997914682,-0.0491175963612595,0.000175571026046651));
#4458=CARTESIAN_POINT('',(-0.0606073997919106,-0.0491175963737075,0.000175571015999807));
#4459=CARTESIAN_POINT('',(-0.0606073997914791,-0.0495765791887295,-5.44325603046587E-5));
#4460=CARTESIAN_POINT('',(-0.0601073997914791,-0.0489690174751224,-3.20528809800812E-6));
#4461=CARTESIAN_POINT('',(-0.0606073997914791,-0.0489690174751224,-3.20528809800806E-6));
#4462=CARTESIAN_POINT('',(-0.0606073997914791,-0.0493535523654889,-0.000322787700146642));
#4463=CARTESIAN_POINT('',(-0.021,0.046,-0.00052));
#4464=CARTESIAN_POINT('',(0.021,0.046,-0.00052));
#4465=CARTESIAN_POINT('',(0.0258535533905933,0.0508535533905933,-0.00052));
#4466=CARTESIAN_POINT('',(0.021,-0.046,-0.00052));
#4467=CARTESIAN_POINT('',(-0.021,-0.046,-0.00052));
#4468=CARTESIAN_POINT('',(-0.0293840430676937,-0.00956813432276249,0.00591));
#4469=CARTESIAN_POINT('',(-0.005425,0.0179575,-0.00052));
#4470=CARTESIAN_POINT('',(-0.005415,0.0018075,-0.00052));
#4471=CARTESIAN_POINT('',(-0.0163036998957395,-0.00447500076889993,-0.00459));
#4472=CARTESIAN_POINT('',(-0.0388036998957395,-0.0634500015377998,-0.00459));
#4473=CARTESIAN_POINT('',(-0.0621073997914791,0.0510395298504563,-0.00459));
#4474=CARTESIAN_POINT('',(-0.0621073997914791,0.0510395298504563,-0.00459));
#4475=CARTESIAN_POINT('',(-0.0586469296419354,0.0510395298504563,-0.00459));
#4476=CARTESIAN_POINT('',(-0.0586469296419354,0.0545,-0.00459));
#4477=CARTESIAN_POINT('',(-0.0163036998957395,0.0545,-0.00459));
#4478=CARTESIAN_POINT('',(-0.0163036998957395,0.0545,-0.00459));
#4479=CARTESIAN_POINT('',(0.0255,0.0545,-0.00459));
#4480=CARTESIAN_POINT('',(0.0255,0.0505,-0.00459));
#4481=CARTESIAN_POINT('',(0.0295,0.0505,-0.00459));
#4482=CARTESIAN_POINT('',(0.0295,-0.00447500076889991,-0.00459));
#4483=CARTESIAN_POINT('',(-0.0163036998957395,-0.0634500015377998,-0.00409));
#4484=CARTESIAN_POINT('',(-0.0163036998957395,0.0545,-0.00409));
#4485=CARTESIAN_POINT('',(0.0255,0.0545,-0.00409));
#4486=CARTESIAN_POINT('',(0.0255,0.0505,-0.00409));
#4487=CARTESIAN_POINT('',(0.0295,0.0505,-0.00409));
#4488=CARTESIAN_POINT('',(0.0295,-0.00447500076889991,-0.00409));
#4489=CARTESIAN_POINT('',(-0.0621073997914791,-0.00447500076889993,-0.00409));
#4490=CARTESIAN_POINT('',(-0.0621073997914791,0.0510395298504563,-0.00409));
#4491=CARTESIAN_POINT('',(-0.0586469296419354,0.0510395298504563,-0.00409));
#4492=CARTESIAN_POINT('',(-0.0586469296419354,0.0545,-0.00409));
#4493=CARTESIAN_POINT('',(-0.0163036998957395,0.0545,-0.00409));
#4494=MECHANICAL_DESIGN_GEOMETRIC_PRESENTATION_REPRESENTATION('',(#2524),
#4495);
#4495=(
GEOMETRIC_REPRESENTATION_CONTEXT(3)
GLOBAL_UNCERTAINTY_ASSIGNED_CONTEXT((#4496))
GLOBAL_UNIT_ASSIGNED_CONTEXT((#4499,#4498,#4497))
REPRESENTATION_CONTEXT('caja inferior-A','TOP_LEVEL_ASSEMBLY_PART')
);
#4496=UNCERTAINTY_MEASURE_WITH_UNIT(LENGTH_MEASURE(2.E-5),#4499,
'DISTANCE_ACCURACY_VALUE','Maximum Tolerance applied to model');
#4497=(
NAMED_UNIT(*)
SI_UNIT($,.STERADIAN.)
SOLID_ANGLE_UNIT()
);
#4498=(
NAMED_UNIT(*)
PLANE_ANGLE_UNIT()
SI_UNIT($,.RADIAN.)
);
#4499=(
LENGTH_UNIT()
NAMED_UNIT(*)
SI_UNIT($,.METRE.)
);
#4500=PRODUCT_DEFINITION_SHAPE('','',#4501);
#4501=PRODUCT_DEFINITION('','',#4503,#4502);
#4502=PRODUCT_DEFINITION_CONTEXT('',#4509,'design');
#4503=PRODUCT_DEFINITION_FORMATION_WITH_SPECIFIED_SOURCE('','',#4505,
 .NOT_KNOWN.);
#4504=PRODUCT_RELATED_PRODUCT_CATEGORY('','',(#4505));
#4505=PRODUCT('caja inferior-A','caja inferior-A','caja inferior-A',(#4507));
#4506=PRODUCT_CATEGORY('','');
#4507=PRODUCT_CONTEXT('',#4509,'mechanical');
#4508=APPLICATION_PROTOCOL_DEFINITION('international standard',
'ap242_managed_model_based_3d_engineering',2020,#4509);
#4509=APPLICATION_CONTEXT('managed model based 3d engineering');
ENDSEC;
END-ISO-10303-21;
